-30,46,w1O2aorrvVxZ8D2olaKJiKfyUv0=,B6/VMLgWqrKcPVeVas0NnTqa9Ss=
-29,46,w1O2aorrvVxZ8D2olaKJiKfyUv0=,B6/VMLgWqrKcPVeVas0NnTqa9Ss=
-28,46,w1O2aorrvVxZ8D2olaKJiKfyUv0=,B6/VMLgWqrKcPVeVas0NnTqa9Ss=
-31,46,w1O2aorrvVxZ8D2olaKJiKfyUv0=,B6/VMLgWqrKcPVeVas0NnTqa9Ss=
-26,45,w1O2aorrvVxZ8D2olaKJiKfyUv0=,B6/VMLgWqrKcPVeVas0NnTqa9Ss=
-26,46,w1O2aorrvVxZ8D2olaKJiKfyUv0=,B6/VMLgWqrKcPVeVas0NnTqa9Ss=
-27,45,w1O2aorrvVxZ8D2olaKJiKfyUv0=,B6/VMLgWqrKcPVeVas0NnTqa9Ss=
-31,41,w1O2aorrvVxZ8D2olaKJiKfyUv0=,B6/VMLgWqrKcPVeVas0NnTqa9Ss=
-28,45,w1O2aorrvVxZ8D2olaKJiKfyUv0=,B6/VMLgWqrKcPVeVas0NnTqa9Ss=
-29,45,w1O2aorrvVxZ8D2olaKJiKfyUv0=,B6/VMLgWqrKcPVeVas0NnTqa9Ss=
-30,45,w1O2aorrvVxZ8D2olaKJiKfyUv0=,B6/VMLgWqrKcPVeVas0NnTqa9Ss=
-31,45,w1O2aorrvVxZ8D2olaKJiKfyUv0=,B6/VMLgWqrKcPVeVas0NnTqa9Ss=
-26,44,w1O2aorrvVxZ8D2olaKJiKfyUv0=,B6/VMLgWqrKcPVeVas0NnTqa9Ss=
-27,44,w1O2aorrvVxZ8D2olaKJiKfyUv0=,B6/VMLgWqrKcPVeVas0NnTqa9Ss=
-28,44,w1O2aorrvVxZ8D2olaKJiKfyUv0=,B6/VMLgWqrKcPVeVas0NnTqa9Ss=
-29,44,w1O2aorrvVxZ8D2olaKJiKfyUv0=,B6/VMLgWqrKcPVeVas0NnTqa9Ss=
-30,44,w1O2aorrvVxZ8D2olaKJiKfyUv0=,B6/VMLgWqrKcPVeVas0NnTqa9Ss=
-31,44,w1O2aorrvVxZ8D2olaKJiKfyUv0=,B6/VMLgWqrKcPVeVas0NnTqa9Ss=
-26,43,w1O2aorrvVxZ8D2olaKJiKfyUv0=,B6/VMLgWqrKcPVeVas0NnTqa9Ss=
-27,43,w1O2aorrvVxZ8D2olaKJiKfyUv0=,B6/VMLgWqrKcPVeVas0NnTqa9Ss=
-28,43,w1O2aorrvVxZ8D2olaKJiKfyUv0=,B6/VMLgWqrKcPVeVas0NnTqa9Ss=
-29,43,w1O2aorrvVxZ8D2olaKJiKfyUv0=,B6/VMLgWqrKcPVeVas0NnTqa9Ss=
-30,43,w1O2aorrvVxZ8D2olaKJiKfyUv0=,B6/VMLgWqrKcPVeVas0NnTqa9Ss=
-31,43,w1O2aorrvVxZ8D2olaKJiKfyUv0=,B6/VMLgWqrKcPVeVas0NnTqa9Ss=
-27,46,w1O2aorrvVxZ8D2olaKJiKfyUv0=,B6/VMLgWqrKcPVeVas0NnTqa9Ss=
-26,42,w1O2aorrvVxZ8D2olaKJiKfyUv0=,B6/VMLgWqrKcPVeVas0NnTqa9Ss=
-27,42,w1O2aorrvVxZ8D2olaKJiKfyUv0=,B6/VMLgWqrKcPVeVas0NnTqa9Ss=
-28,42,w1O2aorrvVxZ8D2olaKJiKfyUv0=,B6/VMLgWqrKcPVeVas0NnTqa9Ss=
-29,42,w1O2aorrvVxZ8D2olaKJiKfyUv0=,B6/VMLgWqrKcPVeVas0NnTqa9Ss=
-30,42,w1O2aorrvVxZ8D2olaKJiKfyUv0=,B6/VMLgWqrKcPVeVas0NnTqa9Ss=
-31,42,w1O2aorrvVxZ8D2olaKJiKfyUv0=,B6/VMLgWqrKcPVeVas0NnTqa9Ss=
-26,41,w1O2aorrvVxZ8D2olaKJiKfyUv0=,B6/VMLgWqrKcPVeVas0NnTqa9Ss=
-27,41,w1O2aorrvVxZ8D2olaKJiKfyUv0=,B6/VMLgWqrKcPVeVas0NnTqa9Ss=
-28,41,w1O2aorrvVxZ8D2olaKJiKfyUv0=,B6/VMLgWqrKcPVeVas0NnTqa9Ss=
-29,41,w1O2aorrvVxZ8D2olaKJiKfyUv0=,B6/VMLgWqrKcPVeVas0NnTqa9Ss=
-30,41,w1O2aorrvVxZ8D2olaKJiKfyUv0=,B6/VMLgWqrKcPVeVas0NnTqa9Ss=
-26,38,w1O2aorrvVxZ8D2olaKJiKfyUv0=,c+CRjhf+OB+WETctju1fXxbGYCY=
-29,35,w1O2aorrvVxZ8D2olaKJiKfyUv0=,c+CRjhf+OB+WETctju1fXxbGYCY=
-29,34,w1O2aorrvVxZ8D2olaKJiKfyUv0=,c+CRjhf+OB+WETctju1fXxbGYCY=
-31,37,w1O2aorrvVxZ8D2olaKJiKfyUv0=,c+CRjhf+OB+WETctju1fXxbGYCY=
-29,33,w1O2aorrvVxZ8D2olaKJiKfyUv0=,c+CRjhf+OB+WETctju1fXxbGYCY=
-27,38,w1O2aorrvVxZ8D2olaKJiKfyUv0=,c+CRjhf+OB+WETctju1fXxbGYCY=
-29,36,w1O2aorrvVxZ8D2olaKJiKfyUv0=,c+CRjhf+OB+WETctju1fXxbGYCY=
-28,38,w1O2aorrvVxZ8D2olaKJiKfyUv0=,c+CRjhf+OB+WETctju1fXxbGYCY=
-30,38,w1O2aorrvVxZ8D2olaKJiKfyUv0=,c+CRjhf+OB+WETctju1fXxbGYCY=
-29,38,w1O2aorrvVxZ8D2olaKJiKfyUv0=,c+CRjhf+OB+WETctju1fXxbGYCY=
-26,37,w1O2aorrvVxZ8D2olaKJiKfyUv0=,c+CRjhf+OB+WETctju1fXxbGYCY=
-31,38,w1O2aorrvVxZ8D2olaKJiKfyUv0=,c+CRjhf+OB+WETctju1fXxbGYCY=
-31,35,w1O2aorrvVxZ8D2olaKJiKfyUv0=,c+CRjhf+OB+WETctju1fXxbGYCY=
-30,35,w1O2aorrvVxZ8D2olaKJiKfyUv0=,c+CRjhf+OB+WETctju1fXxbGYCY=
-27,37,w1O2aorrvVxZ8D2olaKJiKfyUv0=,c+CRjhf+OB+WETctju1fXxbGYCY=
-31,36,w1O2aorrvVxZ8D2olaKJiKfyUv0=,c+CRjhf+OB+WETctju1fXxbGYCY=
-30,36,w1O2aorrvVxZ8D2olaKJiKfyUv0=,c+CRjhf+OB+WETctju1fXxbGYCY=
-28,37,w1O2aorrvVxZ8D2olaKJiKfyUv0=,c+CRjhf+OB+WETctju1fXxbGYCY=
-30,33,w1O2aorrvVxZ8D2olaKJiKfyUv0=,c+CRjhf+OB+WETctju1fXxbGYCY=
-26,34,w1O2aorrvVxZ8D2olaKJiKfyUv0=,c+CRjhf+OB+WETctju1fXxbGYCY=
-27,34,w1O2aorrvVxZ8D2olaKJiKfyUv0=,c+CRjhf+OB+WETctju1fXxbGYCY=
-28,34,w1O2aorrvVxZ8D2olaKJiKfyUv0=,c+CRjhf+OB+WETctju1fXxbGYCY=
-30,34,w1O2aorrvVxZ8D2olaKJiKfyUv0=,c+CRjhf+OB+WETctju1fXxbGYCY=
-26,33,w1O2aorrvVxZ8D2olaKJiKfyUv0=,c+CRjhf+OB+WETctju1fXxbGYCY=
-31,34,w1O2aorrvVxZ8D2olaKJiKfyUv0=,c+CRjhf+OB+WETctju1fXxbGYCY=
-28,33,w1O2aorrvVxZ8D2olaKJiKfyUv0=,c+CRjhf+OB+WETctju1fXxbGYCY=
-27,33,w1O2aorrvVxZ8D2olaKJiKfyUv0=,c+CRjhf+OB+WETctju1fXxbGYCY=
-31,33,w1O2aorrvVxZ8D2olaKJiKfyUv0=,c+CRjhf+OB+WETctju1fXxbGYCY=
-26,35,w1O2aorrvVxZ8D2olaKJiKfyUv0=,c+CRjhf+OB+WETctju1fXxbGYCY=
-29,37,w1O2aorrvVxZ8D2olaKJiKfyUv0=,c+CRjhf+OB+WETctju1fXxbGYCY=
-27,35,w1O2aorrvVxZ8D2olaKJiKfyUv0=,c+CRjhf+OB+WETctju1fXxbGYCY=
-26,40,w1O2aorrvVxZ8D2olaKJiKfyUv0=,B6/VMLgWqrKcPVeVas0NnTqa9Ss=
-28,35,w1O2aorrvVxZ8D2olaKJiKfyUv0=,c+CRjhf+OB+WETctju1fXxbGYCY=
-27,40,w1O2aorrvVxZ8D2olaKJiKfyUv0=,B6/VMLgWqrKcPVeVas0NnTqa9Ss=
-28,40,w1O2aorrvVxZ8D2olaKJiKfyUv0=,B6/VMLgWqrKcPVeVas0NnTqa9Ss=
-29,40,w1O2aorrvVxZ8D2olaKJiKfyUv0=,B6/VMLgWqrKcPVeVas0NnTqa9Ss=
-30,40,w1O2aorrvVxZ8D2olaKJiKfyUv0=,B6/VMLgWqrKcPVeVas0NnTqa9Ss=
-31,40,w1O2aorrvVxZ8D2olaKJiKfyUv0=,B6/VMLgWqrKcPVeVas0NnTqa9Ss=
-26,36,w1O2aorrvVxZ8D2olaKJiKfyUv0=,c+CRjhf+OB+WETctju1fXxbGYCY=
-26,39,w1O2aorrvVxZ8D2olaKJiKfyUv0=,c+CRjhf+OB+WETctju1fXxbGYCY=
-27,39,w1O2aorrvVxZ8D2olaKJiKfyUv0=,c+CRjhf+OB+WETctju1fXxbGYCY=
-27,36,w1O2aorrvVxZ8D2olaKJiKfyUv0=,c+CRjhf+OB+WETctju1fXxbGYCY=
-28,39,w1O2aorrvVxZ8D2olaKJiKfyUv0=,c+CRjhf+OB+WETctju1fXxbGYCY=
-29,39,w1O2aorrvVxZ8D2olaKJiKfyUv0=,c+CRjhf+OB+WETctju1fXxbGYCY=
-30,39,w1O2aorrvVxZ8D2olaKJiKfyUv0=,c+CRjhf+OB+WETctju1fXxbGYCY=
-28,36,w1O2aorrvVxZ8D2olaKJiKfyUv0=,c+CRjhf+OB+WETctju1fXxbGYCY=
-31,39,w1O2aorrvVxZ8D2olaKJiKfyUv0=,c+CRjhf+OB+WETctju1fXxbGYCY=
-30,37,w1O2aorrvVxZ8D2olaKJiKfyUv0=,c+CRjhf+OB+WETctju1fXxbGYCY=
-32,35,w1O2aorrvVxZ8D2olaKJiKfyUv0=,c+CRjhf+OB+WETctju1fXxbGYCY=
-32,38,w1O2aorrvVxZ8D2olaKJiKfyUv0=,c+CRjhf+OB+WETctju1fXxbGYCY=
-32,36,w1O2aorrvVxZ8D2olaKJiKfyUv0=,c+CRjhf+OB+WETctju1fXxbGYCY=
-32,37,w1O2aorrvVxZ8D2olaKJiKfyUv0=,c+CRjhf+OB+WETctju1fXxbGYCY=
-32,33,w1O2aorrvVxZ8D2olaKJiKfyUv0=,c+CRjhf+OB+WETctju1fXxbGYCY=
-32,34,w1O2aorrvVxZ8D2olaKJiKfyUv0=,c+CRjhf+OB+WETctju1fXxbGYCY=
-30,32,w1O2aorrvVxZ8D2olaKJiKfyUv0=,c+CRjhf+OB+WETctju1fXxbGYCY=
-28,32,w1O2aorrvVxZ8D2olaKJiKfyUv0=,c+CRjhf+OB+WETctju1fXxbGYCY=
-31,32,w1O2aorrvVxZ8D2olaKJiKfyUv0=,c+CRjhf+OB+WETctju1fXxbGYCY=
-26,32,w1O2aorrvVxZ8D2olaKJiKfyUv0=,c+CRjhf+OB+WETctju1fXxbGYCY=
-29,32,w1O2aorrvVxZ8D2olaKJiKfyUv0=,c+CRjhf+OB+WETctju1fXxbGYCY=
-27,32,w1O2aorrvVxZ8D2olaKJiKfyUv0=,c+CRjhf+OB+WETctju1fXxbGYCY=
-27,47,w1O2aorrvVxZ8D2olaKJiKfyUv0=,B6/VMLgWqrKcPVeVas0NnTqa9Ss=
-31,47,w1O2aorrvVxZ8D2olaKJiKfyUv0=,B6/VMLgWqrKcPVeVas0NnTqa9Ss=
-28,47,w1O2aorrvVxZ8D2olaKJiKfyUv0=,B6/VMLgWqrKcPVeVas0NnTqa9Ss=
-29,47,w1O2aorrvVxZ8D2olaKJiKfyUv0=,B6/VMLgWqrKcPVeVas0NnTqa9Ss=
-30,47,w1O2aorrvVxZ8D2olaKJiKfyUv0=,B6/VMLgWqrKcPVeVas0NnTqa9Ss=
-26,47,w1O2aorrvVxZ8D2olaKJiKfyUv0=,B6/VMLgWqrKcPVeVas0NnTqa9Ss=
-32,42,w1O2aorrvVxZ8D2olaKJiKfyUv0=,B6/VMLgWqrKcPVeVas0NnTqa9Ss=
-32,39,w1O2aorrvVxZ8D2olaKJiKfyUv0=,c+CRjhf+OB+WETctju1fXxbGYCY=
-32,44,w1O2aorrvVxZ8D2olaKJiKfyUv0=,B6/VMLgWqrKcPVeVas0NnTqa9Ss=
-32,45,w1O2aorrvVxZ8D2olaKJiKfyUv0=,B6/VMLgWqrKcPVeVas0NnTqa9Ss=
-32,41,w1O2aorrvVxZ8D2olaKJiKfyUv0=,B6/VMLgWqrKcPVeVas0NnTqa9Ss=
-32,43,w1O2aorrvVxZ8D2olaKJiKfyUv0=,B6/VMLgWqrKcPVeVas0NnTqa9Ss=
-32,40,w1O2aorrvVxZ8D2olaKJiKfyUv0=,B6/VMLgWqrKcPVeVas0NnTqa9Ss=
-32,46,w1O2aorrvVxZ8D2olaKJiKfyUv0=,B6/VMLgWqrKcPVeVas0NnTqa9Ss=
-32,47,w1O2aorrvVxZ8D2olaKJiKfyUv0=,B6/VMLgWqrKcPVeVas0NnTqa9Ss=
-32,32,w1O2aorrvVxZ8D2olaKJiKfyUv0=,c+CRjhf+OB+WETctju1fXxbGYCY=
-21,44,WvSNHOmsD6RliTf/ZbASakQ7Snk=,UuR01ii4jfjZwkIf2KVX0NE7Xhc=
-25,45,WvSNHOmsD6RliTf/ZbASakQ7Snk=,B6/VMLgWqrKcPVeVas0NnTqa9Ss=
-25,46,WvSNHOmsD6RliTf/ZbASakQ7Snk=,B6/VMLgWqrKcPVeVas0NnTqa9Ss=
-25,44,WvSNHOmsD6RliTf/ZbASakQ7Snk=,B6/VMLgWqrKcPVeVas0NnTqa9Ss=
-19,44,WvSNHOmsD6RliTf/ZbASakQ7Snk=,UuR01ii4jfjZwkIf2KVX0NE7Xhc=
-18,44,WvSNHOmsD6RliTf/ZbASakQ7Snk=,UuR01ii4jfjZwkIf2KVX0NE7Xhc=
-25,43,WvSNHOmsD6RliTf/ZbASakQ7Snk=,B6/VMLgWqrKcPVeVas0NnTqa9Ss=
-20,44,WvSNHOmsD6RliTf/ZbASakQ7Snk=,UuR01ii4jfjZwkIf2KVX0NE7Xhc=
-23,44,WvSNHOmsD6RliTf/ZbASakQ7Snk=,UuR01ii4jfjZwkIf2KVX0NE7Xhc=
-17,44,WvSNHOmsD6RliTf/ZbASakQ7Snk=,UuR01ii4jfjZwkIf2KVX0NE7Xhc=
-24,44,WvSNHOmsD6RliTf/ZbASakQ7Snk=,UuR01ii4jfjZwkIf2KVX0NE7Xhc=
-25,42,WvSNHOmsD6RliTf/ZbASakQ7Snk=,B6/VMLgWqrKcPVeVas0NnTqa9Ss=
-24,45,WvSNHOmsD6RliTf/ZbASakQ7Snk=,UuR01ii4jfjZwkIf2KVX0NE7Xhc=
-23,45,WvSNHOmsD6RliTf/ZbASakQ7Snk=,UuR01ii4jfjZwkIf2KVX0NE7Xhc=
-22,45,WvSNHOmsD6RliTf/ZbASakQ7Snk=,UuR01ii4jfjZwkIf2KVX0NE7Xhc=
-17,47,WvSNHOmsD6RliTf/ZbASakQ7Snk=,UuR01ii4jfjZwkIf2KVX0NE7Xhc=
-18,47,WvSNHOmsD6RliTf/ZbASakQ7Snk=,UuR01ii4jfjZwkIf2KVX0NE7Xhc=
-21,45,WvSNHOmsD6RliTf/ZbASakQ7Snk=,UuR01ii4jfjZwkIf2KVX0NE7Xhc=
-20,45,WvSNHOmsD6RliTf/ZbASakQ7Snk=,UuR01ii4jfjZwkIf2KVX0NE7Xhc=
-19,45,WvSNHOmsD6RliTf/ZbASakQ7Snk=,UuR01ii4jfjZwkIf2KVX0NE7Xhc=
-18,45,WvSNHOmsD6RliTf/ZbASakQ7Snk=,UuR01ii4jfjZwkIf2KVX0NE7Xhc=
-25,47,WvSNHOmsD6RliTf/ZbASakQ7Snk=,B6/VMLgWqrKcPVeVas0NnTqa9Ss=
-17,45,WvSNHOmsD6RliTf/ZbASakQ7Snk=,UuR01ii4jfjZwkIf2KVX0NE7Xhc=
-24,46,WvSNHOmsD6RliTf/ZbASakQ7Snk=,UuR01ii4jfjZwkIf2KVX0NE7Xhc=
-24,41,WvSNHOmsD6RliTf/ZbASakQ7Snk=,UuR01ii4jfjZwkIf2KVX0NE7Xhc=
-23,41,WvSNHOmsD6RliTf/ZbASakQ7Snk=,UuR01ii4jfjZwkIf2KVX0NE7Xhc=
-23,46,WvSNHOmsD6RliTf/ZbASakQ7Snk=,UuR01ii4jfjZwkIf2KVX0NE7Xhc=
-20,43,WvSNHOmsD6RliTf/ZbASakQ7Snk=,UuR01ii4jfjZwkIf2KVX0NE7Xhc=
-19,43,WvSNHOmsD6RliTf/ZbASakQ7Snk=,UuR01ii4jfjZwkIf2KVX0NE7Xhc=
-22,43,WvSNHOmsD6RliTf/ZbASakQ7Snk=,UuR01ii4jfjZwkIf2KVX0NE7Xhc=
-23,43,WvSNHOmsD6RliTf/ZbASakQ7Snk=,UuR01ii4jfjZwkIf2KVX0NE7Xhc=
-19,47,WvSNHOmsD6RliTf/ZbASakQ7Snk=,UuR01ii4jfjZwkIf2KVX0NE7Xhc=
-20,47,WvSNHOmsD6RliTf/ZbASakQ7Snk=,UuR01ii4jfjZwkIf2KVX0NE7Xhc=
-21,47,WvSNHOmsD6RliTf/ZbASakQ7Snk=,UuR01ii4jfjZwkIf2KVX0NE7Xhc=
-24,43,WvSNHOmsD6RliTf/ZbASakQ7Snk=,UuR01ii4jfjZwkIf2KVX0NE7Xhc=
-25,41,WvSNHOmsD6RliTf/ZbASakQ7Snk=,B6/VMLgWqrKcPVeVas0NnTqa9Ss=
-17,43,WvSNHOmsD6RliTf/ZbASakQ7Snk=,UuR01ii4jfjZwkIf2KVX0NE7Xhc=
-18,43,WvSNHOmsD6RliTf/ZbASakQ7Snk=,UuR01ii4jfjZwkIf2KVX0NE7Xhc=
-22,41,WvSNHOmsD6RliTf/ZbASakQ7Snk=,UuR01ii4jfjZwkIf2KVX0NE7Xhc=
-21,43,WvSNHOmsD6RliTf/ZbASakQ7Snk=,UuR01ii4jfjZwkIf2KVX0NE7Xhc=
-23,47,WvSNHOmsD6RliTf/ZbASakQ7Snk=,UuR01ii4jfjZwkIf2KVX0NE7Xhc=
-24,47,WvSNHOmsD6RliTf/ZbASakQ7Snk=,UuR01ii4jfjZwkIf2KVX0NE7Xhc=
-20,42,WvSNHOmsD6RliTf/ZbASakQ7Snk=,UuR01ii4jfjZwkIf2KVX0NE7Xhc=
-17,46,WvSNHOmsD6RliTf/ZbASakQ7Snk=,UuR01ii4jfjZwkIf2KVX0NE7Xhc=
-22,42,WvSNHOmsD6RliTf/ZbASakQ7Snk=,UuR01ii4jfjZwkIf2KVX0NE7Xhc=
-18,46,WvSNHOmsD6RliTf/ZbASakQ7Snk=,UuR01ii4jfjZwkIf2KVX0NE7Xhc=
-23,42,WvSNHOmsD6RliTf/ZbASakQ7Snk=,UuR01ii4jfjZwkIf2KVX0NE7Xhc=
-24,42,WvSNHOmsD6RliTf/ZbASakQ7Snk=,UuR01ii4jfjZwkIf2KVX0NE7Xhc=
-19,42,WvSNHOmsD6RliTf/ZbASakQ7Snk=,UuR01ii4jfjZwkIf2KVX0NE7Xhc=
-21,41,WvSNHOmsD6RliTf/ZbASakQ7Snk=,UuR01ii4jfjZwkIf2KVX0NE7Xhc=
-22,46,WvSNHOmsD6RliTf/ZbASakQ7Snk=,UuR01ii4jfjZwkIf2KVX0NE7Xhc=
-21,46,WvSNHOmsD6RliTf/ZbASakQ7Snk=,UuR01ii4jfjZwkIf2KVX0NE7Xhc=
-20,46,WvSNHOmsD6RliTf/ZbASakQ7Snk=,UuR01ii4jfjZwkIf2KVX0NE7Xhc=
-21,42,WvSNHOmsD6RliTf/ZbASakQ7Snk=,UuR01ii4jfjZwkIf2KVX0NE7Xhc=
-19,46,WvSNHOmsD6RliTf/ZbASakQ7Snk=,UuR01ii4jfjZwkIf2KVX0NE7Xhc=
-17,42,WvSNHOmsD6RliTf/ZbASakQ7Snk=,UuR01ii4jfjZwkIf2KVX0NE7Xhc=
-18,42,WvSNHOmsD6RliTf/ZbASakQ7Snk=,UuR01ii4jfjZwkIf2KVX0NE7Xhc=
-20,41,WvSNHOmsD6RliTf/ZbASakQ7Snk=,UuR01ii4jfjZwkIf2KVX0NE7Xhc=
-17,41,WvSNHOmsD6RliTf/ZbASakQ7Snk=,UuR01ii4jfjZwkIf2KVX0NE7Xhc=
-18,41,WvSNHOmsD6RliTf/ZbASakQ7Snk=,UuR01ii4jfjZwkIf2KVX0NE7Xhc=
-19,41,WvSNHOmsD6RliTf/ZbASakQ7Snk=,UuR01ii4jfjZwkIf2KVX0NE7Xhc=
-22,47,WvSNHOmsD6RliTf/ZbASakQ7Snk=,UuR01ii4jfjZwkIf2KVX0NE7Xhc=
-22,44,WvSNHOmsD6RliTf/ZbASakQ7Snk=,UuR01ii4jfjZwkIf2KVX0NE7Xhc=
-25,37,WvSNHOmsD6RliTf/ZbASakQ7Snk=,c+CRjhf+OB+WETctju1fXxbGYCY=
-18,34,WvSNHOmsD6RliTf/ZbASakQ7Snk=,sCQfQtz9x7SPMcUMKkcn8RQJAE0=
-19,34,WvSNHOmsD6RliTf/ZbASakQ7Snk=,sCQfQtz9x7SPMcUMKkcn8RQJAE0=
-17,39,WvSNHOmsD6RliTf/ZbASakQ7Snk=,sCQfQtz9x7SPMcUMKkcn8RQJAE0=
-19,39,WvSNHOmsD6RliTf/ZbASakQ7Snk=,sCQfQtz9x7SPMcUMKkcn8RQJAE0=
-18,39,WvSNHOmsD6RliTf/ZbASakQ7Snk=,sCQfQtz9x7SPMcUMKkcn8RQJAE0=
-20,34,WvSNHOmsD6RliTf/ZbASakQ7Snk=,sCQfQtz9x7SPMcUMKkcn8RQJAE0=
-20,39,WvSNHOmsD6RliTf/ZbASakQ7Snk=,sCQfQtz9x7SPMcUMKkcn8RQJAE0=
-21,39,WvSNHOmsD6RliTf/ZbASakQ7Snk=,sCQfQtz9x7SPMcUMKkcn8RQJAE0=
-21,34,WvSNHOmsD6RliTf/ZbASakQ7Snk=,sCQfQtz9x7SPMcUMKkcn8RQJAE0=
-22,39,WvSNHOmsD6RliTf/ZbASakQ7Snk=,sCQfQtz9x7SPMcUMKkcn8RQJAE0=
-22,34,WvSNHOmsD6RliTf/ZbASakQ7Snk=,sCQfQtz9x7SPMcUMKkcn8RQJAE0=
-23,34,WvSNHOmsD6RliTf/ZbASakQ7Snk=,sCQfQtz9x7SPMcUMKkcn8RQJAE0=
-24,34,WvSNHOmsD6RliTf/ZbASakQ7Snk=,sCQfQtz9x7SPMcUMKkcn8RQJAE0=
-23,39,WvSNHOmsD6RliTf/ZbASakQ7Snk=,sCQfQtz9x7SPMcUMKkcn8RQJAE0=
-17,33,WvSNHOmsD6RliTf/ZbASakQ7Snk=,sCQfQtz9x7SPMcUMKkcn8RQJAE0=
-18,33,WvSNHOmsD6RliTf/ZbASakQ7Snk=,sCQfQtz9x7SPMcUMKkcn8RQJAE0=
-19,33,WvSNHOmsD6RliTf/ZbASakQ7Snk=,sCQfQtz9x7SPMcUMKkcn8RQJAE0=
-21,33,WvSNHOmsD6RliTf/ZbASakQ7Snk=,sCQfQtz9x7SPMcUMKkcn8RQJAE0=
-25,34,WvSNHOmsD6RliTf/ZbASakQ7Snk=,c+CRjhf+OB+WETctju1fXxbGYCY=
-20,33,WvSNHOmsD6RliTf/ZbASakQ7Snk=,sCQfQtz9x7SPMcUMKkcn8RQJAE0=
-22,33,WvSNHOmsD6RliTf/ZbASakQ7Snk=,sCQfQtz9x7SPMcUMKkcn8RQJAE0=
-23,33,WvSNHOmsD6RliTf/ZbASakQ7Snk=,sCQfQtz9x7SPMcUMKkcn8RQJAE0=
-24,33,WvSNHOmsD6RliTf/ZbASakQ7Snk=,sCQfQtz9x7SPMcUMKkcn8RQJAE0=
-17,32,WvSNHOmsD6RliTf/ZbASakQ7Snk=,sCQfQtz9x7SPMcUMKkcn8RQJAE0=
-20,32,WvSNHOmsD6RliTf/ZbASakQ7Snk=,sCQfQtz9x7SPMcUMKkcn8RQJAE0=
-24,39,WvSNHOmsD6RliTf/ZbASakQ7Snk=,sCQfQtz9x7SPMcUMKkcn8RQJAE0=
-18,32,WvSNHOmsD6RliTf/ZbASakQ7Snk=,sCQfQtz9x7SPMcUMKkcn8RQJAE0=
-21,32,WvSNHOmsD6RliTf/ZbASakQ7Snk=,sCQfQtz9x7SPMcUMKkcn8RQJAE0=
-19,32,WvSNHOmsD6RliTf/ZbASakQ7Snk=,sCQfQtz9x7SPMcUMKkcn8RQJAE0=
-17,38,WvSNHOmsD6RliTf/ZbASakQ7Snk=,sCQfQtz9x7SPMcUMKkcn8RQJAE0=
-22,32,WvSNHOmsD6RliTf/ZbASakQ7Snk=,sCQfQtz9x7SPMcUMKkcn8RQJAE0=
-23,32,WvSNHOmsD6RliTf/ZbASakQ7Snk=,sCQfQtz9x7SPMcUMKkcn8RQJAE0=
-24,32,WvSNHOmsD6RliTf/ZbASakQ7Snk=,sCQfQtz9x7SPMcUMKkcn8RQJAE0=
-24,38,WvSNHOmsD6RliTf/ZbASakQ7Snk=,sCQfQtz9x7SPMcUMKkcn8RQJAE0=
-25,33,WvSNHOmsD6RliTf/ZbASakQ7Snk=,c+CRjhf+OB+WETctju1fXxbGYCY=
-20,38,WvSNHOmsD6RliTf/ZbASakQ7Snk=,sCQfQtz9x7SPMcUMKkcn8RQJAE0=
-19,38,WvSNHOmsD6RliTf/ZbASakQ7Snk=,sCQfQtz9x7SPMcUMKkcn8RQJAE0=
-21,38,WvSNHOmsD6RliTf/ZbASakQ7Snk=,sCQfQtz9x7SPMcUMKkcn8RQJAE0=
-25,36,WvSNHOmsD6RliTf/ZbASakQ7Snk=,c+CRjhf+OB+WETctju1fXxbGYCY=
-23,38,WvSNHOmsD6RliTf/ZbASakQ7Snk=,sCQfQtz9x7SPMcUMKkcn8RQJAE0=
-22,38,WvSNHOmsD6RliTf/ZbASakQ7Snk=,sCQfQtz9x7SPMcUMKkcn8RQJAE0=
-25,35,WvSNHOmsD6RliTf/ZbASakQ7Snk=,c+CRjhf+OB+WETctju1fXxbGYCY=
-17,37,WvSNHOmsD6RliTf/ZbASakQ7Snk=,sCQfQtz9x7SPMcUMKkcn8RQJAE0=
-24,37,WvSNHOmsD6RliTf/ZbASakQ7Snk=,sCQfQtz9x7SPMcUMKkcn8RQJAE0=
-18,37,WvSNHOmsD6RliTf/ZbASakQ7Snk=,sCQfQtz9x7SPMcUMKkcn8RQJAE0=
-19,37,WvSNHOmsD6RliTf/ZbASakQ7Snk=,sCQfQtz9x7SPMcUMKkcn8RQJAE0=
-20,37,WvSNHOmsD6RliTf/ZbASakQ7Snk=,sCQfQtz9x7SPMcUMKkcn8RQJAE0=
-21,37,WvSNHOmsD6RliTf/ZbASakQ7Snk=,sCQfQtz9x7SPMcUMKkcn8RQJAE0=
-25,32,WvSNHOmsD6RliTf/ZbASakQ7Snk=,c+CRjhf+OB+WETctju1fXxbGYCY=
-23,37,WvSNHOmsD6RliTf/ZbASakQ7Snk=,sCQfQtz9x7SPMcUMKkcn8RQJAE0=
-22,37,WvSNHOmsD6RliTf/ZbASakQ7Snk=,sCQfQtz9x7SPMcUMKkcn8RQJAE0=
-17,36,WvSNHOmsD6RliTf/ZbASakQ7Snk=,sCQfQtz9x7SPMcUMKkcn8RQJAE0=
-17,40,WvSNHOmsD6RliTf/ZbASakQ7Snk=,UuR01ii4jfjZwkIf2KVX0NE7Xhc=
-24,40,WvSNHOmsD6RliTf/ZbASakQ7Snk=,UuR01ii4jfjZwkIf2KVX0NE7Xhc=
-19,40,WvSNHOmsD6RliTf/ZbASakQ7Snk=,UuR01ii4jfjZwkIf2KVX0NE7Xhc=
-20,40,WvSNHOmsD6RliTf/ZbASakQ7Snk=,UuR01ii4jfjZwkIf2KVX0NE7Xhc=
-22,40,WvSNHOmsD6RliTf/ZbASakQ7Snk=,UuR01ii4jfjZwkIf2KVX0NE7Xhc=
-25,40,WvSNHOmsD6RliTf/ZbASakQ7Snk=,B6/VMLgWqrKcPVeVas0NnTqa9Ss=
-21,40,WvSNHOmsD6RliTf/ZbASakQ7Snk=,UuR01ii4jfjZwkIf2KVX0NE7Xhc=
-18,40,WvSNHOmsD6RliTf/ZbASakQ7Snk=,UuR01ii4jfjZwkIf2KVX0NE7Xhc=
-23,40,WvSNHOmsD6RliTf/ZbASakQ7Snk=,UuR01ii4jfjZwkIf2KVX0NE7Xhc=
-24,36,WvSNHOmsD6RliTf/ZbASakQ7Snk=,sCQfQtz9x7SPMcUMKkcn8RQJAE0=
-18,36,WvSNHOmsD6RliTf/ZbASakQ7Snk=,sCQfQtz9x7SPMcUMKkcn8RQJAE0=
-22,36,WvSNHOmsD6RliTf/ZbASakQ7Snk=,sCQfQtz9x7SPMcUMKkcn8RQJAE0=
-25,39,WvSNHOmsD6RliTf/ZbASakQ7Snk=,c+CRjhf+OB+WETctju1fXxbGYCY=
-23,36,WvSNHOmsD6RliTf/ZbASakQ7Snk=,sCQfQtz9x7SPMcUMKkcn8RQJAE0=
-21,36,WvSNHOmsD6RliTf/ZbASakQ7Snk=,sCQfQtz9x7SPMcUMKkcn8RQJAE0=
-20,36,WvSNHOmsD6RliTf/ZbASakQ7Snk=,sCQfQtz9x7SPMcUMKkcn8RQJAE0=
-19,36,WvSNHOmsD6RliTf/ZbASakQ7Snk=,sCQfQtz9x7SPMcUMKkcn8RQJAE0=
-17,35,WvSNHOmsD6RliTf/ZbASakQ7Snk=,sCQfQtz9x7SPMcUMKkcn8RQJAE0=
-25,38,WvSNHOmsD6RliTf/ZbASakQ7Snk=,c+CRjhf+OB+WETctju1fXxbGYCY=
-24,35,WvSNHOmsD6RliTf/ZbASakQ7Snk=,sCQfQtz9x7SPMcUMKkcn8RQJAE0=
-18,35,WvSNHOmsD6RliTf/ZbASakQ7Snk=,sCQfQtz9x7SPMcUMKkcn8RQJAE0=
-21,35,WvSNHOmsD6RliTf/ZbASakQ7Snk=,sCQfQtz9x7SPMcUMKkcn8RQJAE0=
-23,35,WvSNHOmsD6RliTf/ZbASakQ7Snk=,sCQfQtz9x7SPMcUMKkcn8RQJAE0=
-19,35,WvSNHOmsD6RliTf/ZbASakQ7Snk=,sCQfQtz9x7SPMcUMKkcn8RQJAE0=
-20,35,WvSNHOmsD6RliTf/ZbASakQ7Snk=,sCQfQtz9x7SPMcUMKkcn8RQJAE0=
-22,35,WvSNHOmsD6RliTf/ZbASakQ7Snk=,sCQfQtz9x7SPMcUMKkcn8RQJAE0=
-18,38,WvSNHOmsD6RliTf/ZbASakQ7Snk=,sCQfQtz9x7SPMcUMKkcn8RQJAE0=
-17,34,WvSNHOmsD6RliTf/ZbASakQ7Snk=,sCQfQtz9x7SPMcUMKkcn8RQJAE0=
-5,45,DMTLd3Ma3dBWouu7oOkTLGNL/e0=,+9IrqrstALVD9WtZv93Ftwunkuw=
-7,45,DMTLd3Ma3dBWouu7oOkTLGNL/e0=,+9IrqrstALVD9WtZv93Ftwunkuw=
-2,44,DMTLd3Ma3dBWouu7oOkTLGNL/e0=,+9IrqrstALVD9WtZv93Ftwunkuw=
-6,45,DMTLd3Ma3dBWouu7oOkTLGNL/e0=,+9IrqrstALVD9WtZv93Ftwunkuw=
-3,44,DMTLd3Ma3dBWouu7oOkTLGNL/e0=,+9IrqrstALVD9WtZv93Ftwunkuw=
-4,44,DMTLd3Ma3dBWouu7oOkTLGNL/e0=,+9IrqrstALVD9WtZv93Ftwunkuw=
-5,44,DMTLd3Ma3dBWouu7oOkTLGNL/e0=,+9IrqrstALVD9WtZv93Ftwunkuw=
-6,44,DMTLd3Ma3dBWouu7oOkTLGNL/e0=,+9IrqrstALVD9WtZv93Ftwunkuw=
-4,45,DMTLd3Ma3dBWouu7oOkTLGNL/e0=,+9IrqrstALVD9WtZv93Ftwunkuw=
-2,43,DMTLd3Ma3dBWouu7oOkTLGNL/e0=,+9IrqrstALVD9WtZv93Ftwunkuw=
-7,44,DMTLd3Ma3dBWouu7oOkTLGNL/e0=,+9IrqrstALVD9WtZv93Ftwunkuw=
-3,43,DMTLd3Ma3dBWouu7oOkTLGNL/e0=,+9IrqrstALVD9WtZv93Ftwunkuw=
-3,45,DMTLd3Ma3dBWouu7oOkTLGNL/e0=,+9IrqrstALVD9WtZv93Ftwunkuw=
-4,43,DMTLd3Ma3dBWouu7oOkTLGNL/e0=,+9IrqrstALVD9WtZv93Ftwunkuw=
-6,43,DMTLd3Ma3dBWouu7oOkTLGNL/e0=,+9IrqrstALVD9WtZv93Ftwunkuw=
-2,45,DMTLd3Ma3dBWouu7oOkTLGNL/e0=,+9IrqrstALVD9WtZv93Ftwunkuw=
-5,43,DMTLd3Ma3dBWouu7oOkTLGNL/e0=,+9IrqrstALVD9WtZv93Ftwunkuw=
-2,42,DMTLd3Ma3dBWouu7oOkTLGNL/e0=,+9IrqrstALVD9WtZv93Ftwunkuw=
-7,43,DMTLd3Ma3dBWouu7oOkTLGNL/e0=,+9IrqrstALVD9WtZv93Ftwunkuw=
-3,42,DMTLd3Ma3dBWouu7oOkTLGNL/e0=,+9IrqrstALVD9WtZv93Ftwunkuw=
-5,42,DMTLd3Ma3dBWouu7oOkTLGNL/e0=,+9IrqrstALVD9WtZv93Ftwunkuw=
-7,42,DMTLd3Ma3dBWouu7oOkTLGNL/e0=,+9IrqrstALVD9WtZv93Ftwunkuw=
-7,46,DMTLd3Ma3dBWouu7oOkTLGNL/e0=,+9IrqrstALVD9WtZv93Ftwunkuw=
-4,42,DMTLd3Ma3dBWouu7oOkTLGNL/e0=,+9IrqrstALVD9WtZv93Ftwunkuw=
-6,42,DMTLd3Ma3dBWouu7oOkTLGNL/e0=,+9IrqrstALVD9WtZv93Ftwunkuw=
-3,41,DMTLd3Ma3dBWouu7oOkTLGNL/e0=,+9IrqrstALVD9WtZv93Ftwunkuw=
-6,46,DMTLd3Ma3dBWouu7oOkTLGNL/e0=,+9IrqrstALVD9WtZv93Ftwunkuw=
-2,41,DMTLd3Ma3dBWouu7oOkTLGNL/e0=,+9IrqrstALVD9WtZv93Ftwunkuw=
-5,41,DMTLd3Ma3dBWouu7oOkTLGNL/e0=,+9IrqrstALVD9WtZv93Ftwunkuw=
-5,46,DMTLd3Ma3dBWouu7oOkTLGNL/e0=,+9IrqrstALVD9WtZv93Ftwunkuw=
-6,41,DMTLd3Ma3dBWouu7oOkTLGNL/e0=,+9IrqrstALVD9WtZv93Ftwunkuw=
-4,41,DMTLd3Ma3dBWouu7oOkTLGNL/e0=,+9IrqrstALVD9WtZv93Ftwunkuw=
-7,41,DMTLd3Ma3dBWouu7oOkTLGNL/e0=,+9IrqrstALVD9WtZv93Ftwunkuw=
-2,46,DMTLd3Ma3dBWouu7oOkTLGNL/e0=,+9IrqrstALVD9WtZv93Ftwunkuw=
-4,46,DMTLd3Ma3dBWouu7oOkTLGNL/e0=,+9IrqrstALVD9WtZv93Ftwunkuw=
-3,46,DMTLd3Ma3dBWouu7oOkTLGNL/e0=,+9IrqrstALVD9WtZv93Ftwunkuw=
-1,44,DMTLd3Ma3dBWouu7oOkTLGNL/e0=,+9IrqrstALVD9WtZv93Ftwunkuw=
-1,42,DMTLd3Ma3dBWouu7oOkTLGNL/e0=,+9IrqrstALVD9WtZv93Ftwunkuw=
-1,46,DMTLd3Ma3dBWouu7oOkTLGNL/e0=,+9IrqrstALVD9WtZv93Ftwunkuw=
-1,43,DMTLd3Ma3dBWouu7oOkTLGNL/e0=,+9IrqrstALVD9WtZv93Ftwunkuw=
-1,41,DMTLd3Ma3dBWouu7oOkTLGNL/e0=,+9IrqrstALVD9WtZv93Ftwunkuw=
-1,45,DMTLd3Ma3dBWouu7oOkTLGNL/e0=,+9IrqrstALVD9WtZv93Ftwunkuw=
-3,47,DMTLd3Ma3dBWouu7oOkTLGNL/e0=,+9IrqrstALVD9WtZv93Ftwunkuw=
-2,47,DMTLd3Ma3dBWouu7oOkTLGNL/e0=,+9IrqrstALVD9WtZv93Ftwunkuw=
-6,47,DMTLd3Ma3dBWouu7oOkTLGNL/e0=,+9IrqrstALVD9WtZv93Ftwunkuw=
-4,47,DMTLd3Ma3dBWouu7oOkTLGNL/e0=,+9IrqrstALVD9WtZv93Ftwunkuw=
-7,47,DMTLd3Ma3dBWouu7oOkTLGNL/e0=,+9IrqrstALVD9WtZv93Ftwunkuw=
-5,47,DMTLd3Ma3dBWouu7oOkTLGNL/e0=,+9IrqrstALVD9WtZv93Ftwunkuw=
-1,47,DMTLd3Ma3dBWouu7oOkTLGNL/e0=,+9IrqrstALVD9WtZv93Ftwunkuw=
-6,35,oiBSe57QV1t5uN8WZR3qJsdpkUo=,Na0BbLoQ6ro2X0rPkoeMlTJBF2w=
-4,35,oiBSe57QV1t5uN8WZR3qJsdpkUo=,Na0BbLoQ6ro2X0rPkoeMlTJBF2w=
-5,35,oiBSe57QV1t5uN8WZR3qJsdpkUo=,Na0BbLoQ6ro2X0rPkoeMlTJBF2w=
-3,35,oiBSe57QV1t5uN8WZR3qJsdpkUo=,Na0BbLoQ6ro2X0rPkoeMlTJBF2w=
-3,39,oiBSe57QV1t5uN8WZR3qJsdpkUo=,Na0BbLoQ6ro2X0rPkoeMlTJBF2w=
-7,35,oiBSe57QV1t5uN8WZR3qJsdpkUo=,Na0BbLoQ6ro2X0rPkoeMlTJBF2w=
-2,35,oiBSe57QV1t5uN8WZR3qJsdpkUo=,Na0BbLoQ6ro2X0rPkoeMlTJBF2w=
-2,34,oiBSe57QV1t5uN8WZR3qJsdpkUo=,Na0BbLoQ6ro2X0rPkoeMlTJBF2w=
-1,34,oiBSe57QV1t5uN8WZR3qJsdpkUo=,Na0BbLoQ6ro2X0rPkoeMlTJBF2w=
-7,40,oiBSe57QV1t5uN8WZR3qJsdpkUo=,+9IrqrstALVD9WtZv93Ftwunkuw=
-2,39,oiBSe57QV1t5uN8WZR3qJsdpkUo=,Na0BbLoQ6ro2X0rPkoeMlTJBF2w=
-4,34,oiBSe57QV1t5uN8WZR3qJsdpkUo=,Na0BbLoQ6ro2X0rPkoeMlTJBF2w=
-3,34,oiBSe57QV1t5uN8WZR3qJsdpkUo=,Na0BbLoQ6ro2X0rPkoeMlTJBF2w=
-6,40,oiBSe57QV1t5uN8WZR3qJsdpkUo=,+9IrqrstALVD9WtZv93Ftwunkuw=
-5,34,oiBSe57QV1t5uN8WZR3qJsdpkUo=,Na0BbLoQ6ro2X0rPkoeMlTJBF2w=
-6,34,oiBSe57QV1t5uN8WZR3qJsdpkUo=,Na0BbLoQ6ro2X0rPkoeMlTJBF2w=
-5,40,oiBSe57QV1t5uN8WZR3qJsdpkUo=,+9IrqrstALVD9WtZv93Ftwunkuw=
-7,34,oiBSe57QV1t5uN8WZR3qJsdpkUo=,Na0BbLoQ6ro2X0rPkoeMlTJBF2w=
-4,40,oiBSe57QV1t5uN8WZR3qJsdpkUo=,+9IrqrstALVD9WtZv93Ftwunkuw=
-1,33,oiBSe57QV1t5uN8WZR3qJsdpkUo=,Na0BbLoQ6ro2X0rPkoeMlTJBF2w=
-2,33,oiBSe57QV1t5uN8WZR3qJsdpkUo=,Na0BbLoQ6ro2X0rPkoeMlTJBF2w=
-3,33,oiBSe57QV1t5uN8WZR3qJsdpkUo=,Na0BbLoQ6ro2X0rPkoeMlTJBF2w=
-5,33,oiBSe57QV1t5uN8WZR3qJsdpkUo=,Na0BbLoQ6ro2X0rPkoeMlTJBF2w=
-4,33,oiBSe57QV1t5uN8WZR3qJsdpkUo=,Na0BbLoQ6ro2X0rPkoeMlTJBF2w=
-4,39,oiBSe57QV1t5uN8WZR3qJsdpkUo=,Na0BbLoQ6ro2X0rPkoeMlTJBF2w=
-6,33,oiBSe57QV1t5uN8WZR3qJsdpkUo=,Na0BbLoQ6ro2X0rPkoeMlTJBF2w=
-2,32,oiBSe57QV1t5uN8WZR3qJsdpkUo=,Na0BbLoQ6ro2X0rPkoeMlTJBF2w=
-1,32,oiBSe57QV1t5uN8WZR3qJsdpkUo=,Na0BbLoQ6ro2X0rPkoeMlTJBF2w=
-5,39,oiBSe57QV1t5uN8WZR3qJsdpkUo=,Na0BbLoQ6ro2X0rPkoeMlTJBF2w=
-7,39,oiBSe57QV1t5uN8WZR3qJsdpkUo=,Na0BbLoQ6ro2X0rPkoeMlTJBF2w=
-6,39,oiBSe57QV1t5uN8WZR3qJsdpkUo=,Na0BbLoQ6ro2X0rPkoeMlTJBF2w=
-1,38,oiBSe57QV1t5uN8WZR3qJsdpkUo=,Na0BbLoQ6ro2X0rPkoeMlTJBF2w=
-2,38,oiBSe57QV1t5uN8WZR3qJsdpkUo=,Na0BbLoQ6ro2X0rPkoeMlTJBF2w=
-3,38,oiBSe57QV1t5uN8WZR3qJsdpkUo=,Na0BbLoQ6ro2X0rPkoeMlTJBF2w=
-4,38,oiBSe57QV1t5uN8WZR3qJsdpkUo=,Na0BbLoQ6ro2X0rPkoeMlTJBF2w=
-5,38,oiBSe57QV1t5uN8WZR3qJsdpkUo=,Na0BbLoQ6ro2X0rPkoeMlTJBF2w=
-1,39,oiBSe57QV1t5uN8WZR3qJsdpkUo=,Na0BbLoQ6ro2X0rPkoeMlTJBF2w=
-6,38,oiBSe57QV1t5uN8WZR3qJsdpkUo=,Na0BbLoQ6ro2X0rPkoeMlTJBF2w=
-3,32,oiBSe57QV1t5uN8WZR3qJsdpkUo=,Na0BbLoQ6ro2X0rPkoeMlTJBF2w=
-4,32,oiBSe57QV1t5uN8WZR3qJsdpkUo=,Na0BbLoQ6ro2X0rPkoeMlTJBF2w=
-7,38,oiBSe57QV1t5uN8WZR3qJsdpkUo=,Na0BbLoQ6ro2X0rPkoeMlTJBF2w=
-3,37,oiBSe57QV1t5uN8WZR3qJsdpkUo=,Na0BbLoQ6ro2X0rPkoeMlTJBF2w=
-2,37,oiBSe57QV1t5uN8WZR3qJsdpkUo=,Na0BbLoQ6ro2X0rPkoeMlTJBF2w=
-1,37,oiBSe57QV1t5uN8WZR3qJsdpkUo=,Na0BbLoQ6ro2X0rPkoeMlTJBF2w=
-4,37,oiBSe57QV1t5uN8WZR3qJsdpkUo=,Na0BbLoQ6ro2X0rPkoeMlTJBF2w=
-6,37,oiBSe57QV1t5uN8WZR3qJsdpkUo=,Na0BbLoQ6ro2X0rPkoeMlTJBF2w=
-5,37,oiBSe57QV1t5uN8WZR3qJsdpkUo=,Na0BbLoQ6ro2X0rPkoeMlTJBF2w=
-7,37,oiBSe57QV1t5uN8WZR3qJsdpkUo=,Na0BbLoQ6ro2X0rPkoeMlTJBF2w=
-1,36,oiBSe57QV1t5uN8WZR3qJsdpkUo=,Na0BbLoQ6ro2X0rPkoeMlTJBF2w=
-1,40,oiBSe57QV1t5uN8WZR3qJsdpkUo=,+9IrqrstALVD9WtZv93Ftwunkuw=
-5,32,oiBSe57QV1t5uN8WZR3qJsdpkUo=,Na0BbLoQ6ro2X0rPkoeMlTJBF2w=
-2,36,oiBSe57QV1t5uN8WZR3qJsdpkUo=,Na0BbLoQ6ro2X0rPkoeMlTJBF2w=
-3,36,oiBSe57QV1t5uN8WZR3qJsdpkUo=,Na0BbLoQ6ro2X0rPkoeMlTJBF2w=
-2,40,oiBSe57QV1t5uN8WZR3qJsdpkUo=,+9IrqrstALVD9WtZv93Ftwunkuw=
-5,36,oiBSe57QV1t5uN8WZR3qJsdpkUo=,Na0BbLoQ6ro2X0rPkoeMlTJBF2w=
-4,36,oiBSe57QV1t5uN8WZR3qJsdpkUo=,Na0BbLoQ6ro2X0rPkoeMlTJBF2w=
-6,36,oiBSe57QV1t5uN8WZR3qJsdpkUo=,Na0BbLoQ6ro2X0rPkoeMlTJBF2w=
-7,36,oiBSe57QV1t5uN8WZR3qJsdpkUo=,Na0BbLoQ6ro2X0rPkoeMlTJBF2w=
-1,35,oiBSe57QV1t5uN8WZR3qJsdpkUo=,Na0BbLoQ6ro2X0rPkoeMlTJBF2w=
-3,40,oiBSe57QV1t5uN8WZR3qJsdpkUo=,+9IrqrstALVD9WtZv93Ftwunkuw=
-6,32,oiBSe57QV1t5uN8WZR3qJsdpkUo=,Na0BbLoQ6ro2X0rPkoeMlTJBF2w=
-7,32,oiBSe57QV1t5uN8WZR3qJsdpkUo=,Na0BbLoQ6ro2X0rPkoeMlTJBF2w=
-7,33,oiBSe57QV1t5uN8WZR3qJsdpkUo=,Na0BbLoQ6ro2X0rPkoeMlTJBF2w=
-8,46,M/EidqurrmgxKeGVtfte9O7vNcY=,+9IrqrstALVD9WtZv93Ftwunkuw=
-10,42,M/EidqurrmgxKeGVtfte9O7vNcY=,nE6vaJH1DJsorEIbZ0v/2ZwUCcI=
-9,42,M/EidqurrmgxKeGVtfte9O7vNcY=,nE6vaJH1DJsorEIbZ0v/2ZwUCcI=
-9,47,M/EidqurrmgxKeGVtfte9O7vNcY=,nE6vaJH1DJsorEIbZ0v/2ZwUCcI=
-11,42,M/EidqurrmgxKeGVtfte9O7vNcY=,nE6vaJH1DJsorEIbZ0v/2ZwUCcI=
-10,47,M/EidqurrmgxKeGVtfte9O7vNcY=,nE6vaJH1DJsorEIbZ0v/2ZwUCcI=
-13,43,M/EidqurrmgxKeGVtfte9O7vNcY=,nE6vaJH1DJsorEIbZ0v/2ZwUCcI=
-11,47,M/EidqurrmgxKeGVtfte9O7vNcY=,nE6vaJH1DJsorEIbZ0v/2ZwUCcI=
-14,43,M/EidqurrmgxKeGVtfte9O7vNcY=,nE6vaJH1DJsorEIbZ0v/2ZwUCcI=
-13,47,M/EidqurrmgxKeGVtfte9O7vNcY=,nE6vaJH1DJsorEIbZ0v/2ZwUCcI=
-12,47,M/EidqurrmgxKeGVtfte9O7vNcY=,nE6vaJH1DJsorEIbZ0v/2ZwUCcI=
-8,44,M/EidqurrmgxKeGVtfte9O7vNcY=,+9IrqrstALVD9WtZv93Ftwunkuw=
-14,47,M/EidqurrmgxKeGVtfte9O7vNcY=,nE6vaJH1DJsorEIbZ0v/2ZwUCcI=
-12,42,M/EidqurrmgxKeGVtfte9O7vNcY=,nE6vaJH1DJsorEIbZ0v/2ZwUCcI=
-15,43,M/EidqurrmgxKeGVtfte9O7vNcY=,nE6vaJH1DJsorEIbZ0v/2ZwUCcI=
-8,43,M/EidqurrmgxKeGVtfte9O7vNcY=,+9IrqrstALVD9WtZv93Ftwunkuw=
-9,41,M/EidqurrmgxKeGVtfte9O7vNcY=,nE6vaJH1DJsorEIbZ0v/2ZwUCcI=
-15,47,M/EidqurrmgxKeGVtfte9O7vNcY=,nE6vaJH1DJsorEIbZ0v/2ZwUCcI=
-10,41,M/EidqurrmgxKeGVtfte9O7vNcY=,nE6vaJH1DJsorEIbZ0v/2ZwUCcI=
-11,41,M/EidqurrmgxKeGVtfte9O7vNcY=,nE6vaJH1DJsorEIbZ0v/2ZwUCcI=
-16,47,M/EidqurrmgxKeGVtfte9O7vNcY=,nE6vaJH1DJsorEIbZ0v/2ZwUCcI=
-8,42,M/EidqurrmgxKeGVtfte9O7vNcY=,+9IrqrstALVD9WtZv93Ftwunkuw=
-9,46,M/EidqurrmgxKeGVtfte9O7vNcY=,nE6vaJH1DJsorEIbZ0v/2ZwUCcI=
-16,43,M/EidqurrmgxKeGVtfte9O7vNcY=,nE6vaJH1DJsorEIbZ0v/2ZwUCcI=
-10,46,M/EidqurrmgxKeGVtfte9O7vNcY=,nE6vaJH1DJsorEIbZ0v/2ZwUCcI=
-11,46,M/EidqurrmgxKeGVtfte9O7vNcY=,nE6vaJH1DJsorEIbZ0v/2ZwUCcI=
-12,46,M/EidqurrmgxKeGVtfte9O7vNcY=,nE6vaJH1DJsorEIbZ0v/2ZwUCcI=
-13,42,M/EidqurrmgxKeGVtfte9O7vNcY=,nE6vaJH1DJsorEIbZ0v/2ZwUCcI=
-13,46,M/EidqurrmgxKeGVtfte9O7vNcY=,nE6vaJH1DJsorEIbZ0v/2ZwUCcI=
-14,46,M/EidqurrmgxKeGVtfte9O7vNcY=,nE6vaJH1DJsorEIbZ0v/2ZwUCcI=
-12,41,M/EidqurrmgxKeGVtfte9O7vNcY=,nE6vaJH1DJsorEIbZ0v/2ZwUCcI=
-15,42,M/EidqurrmgxKeGVtfte9O7vNcY=,nE6vaJH1DJsorEIbZ0v/2ZwUCcI=
-15,46,M/EidqurrmgxKeGVtfte9O7vNcY=,nE6vaJH1DJsorEIbZ0v/2ZwUCcI=
-8,45,M/EidqurrmgxKeGVtfte9O7vNcY=,+9IrqrstALVD9WtZv93Ftwunkuw=
-16,46,M/EidqurrmgxKeGVtfte9O7vNcY=,nE6vaJH1DJsorEIbZ0v/2ZwUCcI=
-9,45,M/EidqurrmgxKeGVtfte9O7vNcY=,nE6vaJH1DJsorEIbZ0v/2ZwUCcI=
-10,45,M/EidqurrmgxKeGVtfte9O7vNcY=,nE6vaJH1DJsorEIbZ0v/2ZwUCcI=
-11,45,M/EidqurrmgxKeGVtfte9O7vNcY=,nE6vaJH1DJsorEIbZ0v/2ZwUCcI=
-8,41,M/EidqurrmgxKeGVtfte9O7vNcY=,+9IrqrstALVD9WtZv93Ftwunkuw=
-12,45,M/EidqurrmgxKeGVtfte9O7vNcY=,nE6vaJH1DJsorEIbZ0v/2ZwUCcI=
-13,45,M/EidqurrmgxKeGVtfte9O7vNcY=,nE6vaJH1DJsorEIbZ0v/2ZwUCcI=
-14,45,M/EidqurrmgxKeGVtfte9O7vNcY=,nE6vaJH1DJsorEIbZ0v/2ZwUCcI=
-15,45,M/EidqurrmgxKeGVtfte9O7vNcY=,nE6vaJH1DJsorEIbZ0v/2ZwUCcI=
-16,45,M/EidqurrmgxKeGVtfte9O7vNcY=,nE6vaJH1DJsorEIbZ0v/2ZwUCcI=
-9,44,M/EidqurrmgxKeGVtfte9O7vNcY=,nE6vaJH1DJsorEIbZ0v/2ZwUCcI=
-10,44,M/EidqurrmgxKeGVtfte9O7vNcY=,nE6vaJH1DJsorEIbZ0v/2ZwUCcI=
-11,44,M/EidqurrmgxKeGVtfte9O7vNcY=,nE6vaJH1DJsorEIbZ0v/2ZwUCcI=
-12,44,M/EidqurrmgxKeGVtfte9O7vNcY=,nE6vaJH1DJsorEIbZ0v/2ZwUCcI=
-13,44,M/EidqurrmgxKeGVtfte9O7vNcY=,nE6vaJH1DJsorEIbZ0v/2ZwUCcI=
-14,44,M/EidqurrmgxKeGVtfte9O7vNcY=,nE6vaJH1DJsorEIbZ0v/2ZwUCcI=
-15,44,M/EidqurrmgxKeGVtfte9O7vNcY=,nE6vaJH1DJsorEIbZ0v/2ZwUCcI=
-16,44,M/EidqurrmgxKeGVtfte9O7vNcY=,nE6vaJH1DJsorEIbZ0v/2ZwUCcI=
-9,43,M/EidqurrmgxKeGVtfte9O7vNcY=,nE6vaJH1DJsorEIbZ0v/2ZwUCcI=
-10,43,M/EidqurrmgxKeGVtfte9O7vNcY=,nE6vaJH1DJsorEIbZ0v/2ZwUCcI=
-11,43,M/EidqurrmgxKeGVtfte9O7vNcY=,nE6vaJH1DJsorEIbZ0v/2ZwUCcI=
-14,42,M/EidqurrmgxKeGVtfte9O7vNcY=,nE6vaJH1DJsorEIbZ0v/2ZwUCcI=
-8,47,M/EidqurrmgxKeGVtfte9O7vNcY=,+9IrqrstALVD9WtZv93Ftwunkuw=
-12,43,M/EidqurrmgxKeGVtfte9O7vNcY=,nE6vaJH1DJsorEIbZ0v/2ZwUCcI=
-13,41,M/EidqurrmgxKeGVtfte9O7vNcY=,nE6vaJH1DJsorEIbZ0v/2ZwUCcI=
-15,41,M/EidqurrmgxKeGVtfte9O7vNcY=,nE6vaJH1DJsorEIbZ0v/2ZwUCcI=
-14,41,M/EidqurrmgxKeGVtfte9O7vNcY=,nE6vaJH1DJsorEIbZ0v/2ZwUCcI=
-16,41,M/EidqurrmgxKeGVtfte9O7vNcY=,nE6vaJH1DJsorEIbZ0v/2ZwUCcI=
-16,42,M/EidqurrmgxKeGVtfte9O7vNcY=,nE6vaJH1DJsorEIbZ0v/2ZwUCcI=
-10,36,ws+/Z1rpsn0EKey5y/tVJ79mff4=,0WE6eFCkzZdVNK9vIsIXc+uYKrU=
-11,36,ws+/Z1rpsn0EKey5y/tVJ79mff4=,0WE6eFCkzZdVNK9vIsIXc+uYKrU=
-8,35,ws+/Z1rpsn0EKey5y/tVJ79mff4=,Na0BbLoQ6ro2X0rPkoeMlTJBF2w=
-15,37,ws+/Z1rpsn0EKey5y/tVJ79mff4=,0WE6eFCkzZdVNK9vIsIXc+uYKrU=
-13,37,ws+/Z1rpsn0EKey5y/tVJ79mff4=,0WE6eFCkzZdVNK9vIsIXc+uYKrU=
-14,37,ws+/Z1rpsn0EKey5y/tVJ79mff4=,0WE6eFCkzZdVNK9vIsIXc+uYKrU=
-8,34,ws+/Z1rpsn0EKey5y/tVJ79mff4=,Na0BbLoQ6ro2X0rPkoeMlTJBF2w=
-13,32,ws+/Z1rpsn0EKey5y/tVJ79mff4=,0WE6eFCkzZdVNK9vIsIXc+uYKrU=
-15,33,ws+/Z1rpsn0EKey5y/tVJ79mff4=,0WE6eFCkzZdVNK9vIsIXc+uYKrU=
-16,33,ws+/Z1rpsn0EKey5y/tVJ79mff4=,0WE6eFCkzZdVNK9vIsIXc+uYKrU=
-8,39,ws+/Z1rpsn0EKey5y/tVJ79mff4=,Na0BbLoQ6ro2X0rPkoeMlTJBF2w=
-11,35,ws+/Z1rpsn0EKey5y/tVJ79mff4=,0WE6eFCkzZdVNK9vIsIXc+uYKrU=
-8,38,ws+/Z1rpsn0EKey5y/tVJ79mff4=,Na0BbLoQ6ro2X0rPkoeMlTJBF2w=
-8,37,ws+/Z1rpsn0EKey5y/tVJ79mff4=,Na0BbLoQ6ro2X0rPkoeMlTJBF2w=
-9,33,ws+/Z1rpsn0EKey5y/tVJ79mff4=,0WE6eFCkzZdVNK9vIsIXc+uYKrU=
-9,40,ws+/Z1rpsn0EKey5y/tVJ79mff4=,nE6vaJH1DJsorEIbZ0v/2ZwUCcI=
-8,33,ws+/Z1rpsn0EKey5y/tVJ79mff4=,Na0BbLoQ6ro2X0rPkoeMlTJBF2w=
-10,40,ws+/Z1rpsn0EKey5y/tVJ79mff4=,nE6vaJH1DJsorEIbZ0v/2ZwUCcI=
-10,33,ws+/Z1rpsn0EKey5y/tVJ79mff4=,0WE6eFCkzZdVNK9vIsIXc+uYKrU=
-11,40,ws+/Z1rpsn0EKey5y/tVJ79mff4=,nE6vaJH1DJsorEIbZ0v/2ZwUCcI=
-12,36,ws+/Z1rpsn0EKey5y/tVJ79mff4=,0WE6eFCkzZdVNK9vIsIXc+uYKrU=
-12,40,ws+/Z1rpsn0EKey5y/tVJ79mff4=,nE6vaJH1DJsorEIbZ0v/2ZwUCcI=
-12,35,ws+/Z1rpsn0EKey5y/tVJ79mff4=,0WE6eFCkzZdVNK9vIsIXc+uYKrU=
-9,32,ws+/Z1rpsn0EKey5y/tVJ79mff4=,0WE6eFCkzZdVNK9vIsIXc+uYKrU=
-11,33,ws+/Z1rpsn0EKey5y/tVJ79mff4=,0WE6eFCkzZdVNK9vIsIXc+uYKrU=
-13,40,ws+/Z1rpsn0EKey5y/tVJ79mff4=,nE6vaJH1DJsorEIbZ0v/2ZwUCcI=
-9,39,ws+/Z1rpsn0EKey5y/tVJ79mff4=,0WE6eFCkzZdVNK9vIsIXc+uYKrU=
-10,39,ws+/Z1rpsn0EKey5y/tVJ79mff4=,0WE6eFCkzZdVNK9vIsIXc+uYKrU=
-14,40,ws+/Z1rpsn0EKey5y/tVJ79mff4=,nE6vaJH1DJsorEIbZ0v/2ZwUCcI=
-11,39,ws+/Z1rpsn0EKey5y/tVJ79mff4=,0WE6eFCkzZdVNK9vIsIXc+uYKrU=
-15,40,ws+/Z1rpsn0EKey5y/tVJ79mff4=,nE6vaJH1DJsorEIbZ0v/2ZwUCcI=
-16,40,ws+/Z1rpsn0EKey5y/tVJ79mff4=,nE6vaJH1DJsorEIbZ0v/2ZwUCcI=
-13,35,ws+/Z1rpsn0EKey5y/tVJ79mff4=,0WE6eFCkzZdVNK9vIsIXc+uYKrU=
-9,34,ws+/Z1rpsn0EKey5y/tVJ79mff4=,0WE6eFCkzZdVNK9vIsIXc+uYKrU=
-15,32,ws+/Z1rpsn0EKey5y/tVJ79mff4=,0WE6eFCkzZdVNK9vIsIXc+uYKrU=
-12,39,ws+/Z1rpsn0EKey5y/tVJ79mff4=,0WE6eFCkzZdVNK9vIsIXc+uYKrU=
-13,36,ws+/Z1rpsn0EKey5y/tVJ79mff4=,0WE6eFCkzZdVNK9vIsIXc+uYKrU=
-8,36,ws+/Z1rpsn0EKey5y/tVJ79mff4=,Na0BbLoQ6ro2X0rPkoeMlTJBF2w=
-8,32,ws+/Z1rpsn0EKey5y/tVJ79mff4=,Na0BbLoQ6ro2X0rPkoeMlTJBF2w=
-12,33,ws+/Z1rpsn0EKey5y/tVJ79mff4=,0WE6eFCkzZdVNK9vIsIXc+uYKrU=
-13,39,ws+/Z1rpsn0EKey5y/tVJ79mff4=,0WE6eFCkzZdVNK9vIsIXc+uYKrU=
-14,39,ws+/Z1rpsn0EKey5y/tVJ79mff4=,0WE6eFCkzZdVNK9vIsIXc+uYKrU=
-9,38,ws+/Z1rpsn0EKey5y/tVJ79mff4=,0WE6eFCkzZdVNK9vIsIXc+uYKrU=
-10,32,ws+/Z1rpsn0EKey5y/tVJ79mff4=,0WE6eFCkzZdVNK9vIsIXc+uYKrU=
-10,38,ws+/Z1rpsn0EKey5y/tVJ79mff4=,0WE6eFCkzZdVNK9vIsIXc+uYKrU=
-15,39,ws+/Z1rpsn0EKey5y/tVJ79mff4=,0WE6eFCkzZdVNK9vIsIXc+uYKrU=
-13,33,ws+/Z1rpsn0EKey5y/tVJ79mff4=,0WE6eFCkzZdVNK9vIsIXc+uYKrU=
-16,39,ws+/Z1rpsn0EKey5y/tVJ79mff4=,0WE6eFCkzZdVNK9vIsIXc+uYKrU=
-11,38,ws+/Z1rpsn0EKey5y/tVJ79mff4=,0WE6eFCkzZdVNK9vIsIXc+uYKrU=
-14,35,ws+/Z1rpsn0EKey5y/tVJ79mff4=,0WE6eFCkzZdVNK9vIsIXc+uYKrU=
-14,33,ws+/Z1rpsn0EKey5y/tVJ79mff4=,0WE6eFCkzZdVNK9vIsIXc+uYKrU=
-14,36,ws+/Z1rpsn0EKey5y/tVJ79mff4=,0WE6eFCkzZdVNK9vIsIXc+uYKrU=
-10,34,ws+/Z1rpsn0EKey5y/tVJ79mff4=,0WE6eFCkzZdVNK9vIsIXc+uYKrU=
-12,34,ws+/Z1rpsn0EKey5y/tVJ79mff4=,0WE6eFCkzZdVNK9vIsIXc+uYKrU=
-11,34,ws+/Z1rpsn0EKey5y/tVJ79mff4=,0WE6eFCkzZdVNK9vIsIXc+uYKrU=
-13,34,ws+/Z1rpsn0EKey5y/tVJ79mff4=,0WE6eFCkzZdVNK9vIsIXc+uYKrU=
-8,40,ws+/Z1rpsn0EKey5y/tVJ79mff4=,+9IrqrstALVD9WtZv93Ftwunkuw=
-15,35,ws+/Z1rpsn0EKey5y/tVJ79mff4=,0WE6eFCkzZdVNK9vIsIXc+uYKrU=
-11,32,ws+/Z1rpsn0EKey5y/tVJ79mff4=,0WE6eFCkzZdVNK9vIsIXc+uYKrU=
-14,34,ws+/Z1rpsn0EKey5y/tVJ79mff4=,0WE6eFCkzZdVNK9vIsIXc+uYKrU=
-15,34,ws+/Z1rpsn0EKey5y/tVJ79mff4=,0WE6eFCkzZdVNK9vIsIXc+uYKrU=
-12,38,ws+/Z1rpsn0EKey5y/tVJ79mff4=,0WE6eFCkzZdVNK9vIsIXc+uYKrU=
-15,36,ws+/Z1rpsn0EKey5y/tVJ79mff4=,0WE6eFCkzZdVNK9vIsIXc+uYKrU=
-14,32,ws+/Z1rpsn0EKey5y/tVJ79mff4=,0WE6eFCkzZdVNK9vIsIXc+uYKrU=
-16,34,ws+/Z1rpsn0EKey5y/tVJ79mff4=,0WE6eFCkzZdVNK9vIsIXc+uYKrU=
-16,32,ws+/Z1rpsn0EKey5y/tVJ79mff4=,0WE6eFCkzZdVNK9vIsIXc+uYKrU=
-9,35,ws+/Z1rpsn0EKey5y/tVJ79mff4=,0WE6eFCkzZdVNK9vIsIXc+uYKrU=
-13,38,ws+/Z1rpsn0EKey5y/tVJ79mff4=,0WE6eFCkzZdVNK9vIsIXc+uYKrU=
-9,37,ws+/Z1rpsn0EKey5y/tVJ79mff4=,0WE6eFCkzZdVNK9vIsIXc+uYKrU=
-16,36,ws+/Z1rpsn0EKey5y/tVJ79mff4=,0WE6eFCkzZdVNK9vIsIXc+uYKrU=
-14,38,ws+/Z1rpsn0EKey5y/tVJ79mff4=,0WE6eFCkzZdVNK9vIsIXc+uYKrU=
-10,37,ws+/Z1rpsn0EKey5y/tVJ79mff4=,0WE6eFCkzZdVNK9vIsIXc+uYKrU=
-15,38,ws+/Z1rpsn0EKey5y/tVJ79mff4=,0WE6eFCkzZdVNK9vIsIXc+uYKrU=
-12,32,ws+/Z1rpsn0EKey5y/tVJ79mff4=,0WE6eFCkzZdVNK9vIsIXc+uYKrU=
-16,38,ws+/Z1rpsn0EKey5y/tVJ79mff4=,0WE6eFCkzZdVNK9vIsIXc+uYKrU=
-11,37,ws+/Z1rpsn0EKey5y/tVJ79mff4=,0WE6eFCkzZdVNK9vIsIXc+uYKrU=
-9,36,ws+/Z1rpsn0EKey5y/tVJ79mff4=,0WE6eFCkzZdVNK9vIsIXc+uYKrU=
-16,35,ws+/Z1rpsn0EKey5y/tVJ79mff4=,0WE6eFCkzZdVNK9vIsIXc+uYKrU=
-10,35,ws+/Z1rpsn0EKey5y/tVJ79mff4=,0WE6eFCkzZdVNK9vIsIXc+uYKrU=
-12,37,ws+/Z1rpsn0EKey5y/tVJ79mff4=,0WE6eFCkzZdVNK9vIsIXc+uYKrU=
-16,37,ws+/Z1rpsn0EKey5y/tVJ79mff4=,0WE6eFCkzZdVNK9vIsIXc+uYKrU=
