15,-20,z68nM5730vfzwJWiDuV55UXF27g=,kPI4Zq7gMfZMCTKyPClK0i53D+Y=
10,-19,z68nM5730vfzwJWiDuV55UXF27g=,kPI4Zq7gMfZMCTKyPClK0i53D+Y=
14,-20,z68nM5730vfzwJWiDuV55UXF27g=,kPI4Zq7gMfZMCTKyPClK0i53D+Y=
12,-19,z68nM5730vfzwJWiDuV55UXF27g=,kPI4Zq7gMfZMCTKyPClK0i53D+Y=
13,-20,z68nM5730vfzwJWiDuV55UXF27g=,kPI4Zq7gMfZMCTKyPClK0i53D+Y=
11,-19,z68nM5730vfzwJWiDuV55UXF27g=,kPI4Zq7gMfZMCTKyPClK0i53D+Y=
12,-20,z68nM5730vfzwJWiDuV55UXF27g=,kPI4Zq7gMfZMCTKyPClK0i53D+Y=
13,-19,z68nM5730vfzwJWiDuV55UXF27g=,kPI4Zq7gMfZMCTKyPClK0i53D+Y=
11,-20,z68nM5730vfzwJWiDuV55UXF27g=,kPI4Zq7gMfZMCTKyPClK0i53D+Y=
14,-19,z68nM5730vfzwJWiDuV55UXF27g=,kPI4Zq7gMfZMCTKyPClK0i53D+Y=
10,-20,z68nM5730vfzwJWiDuV55UXF27g=,kPI4Zq7gMfZMCTKyPClK0i53D+Y=
9,-20,z68nM5730vfzwJWiDuV55UXF27g=,kPI4Zq7gMfZMCTKyPClK0i53D+Y=
15,-19,z68nM5730vfzwJWiDuV55UXF27g=,kPI4Zq7gMfZMCTKyPClK0i53D+Y=
15,-21,z68nM5730vfzwJWiDuV55UXF27g=,kPI4Zq7gMfZMCTKyPClK0i53D+Y=
14,-21,z68nM5730vfzwJWiDuV55UXF27g=,kPI4Zq7gMfZMCTKyPClK0i53D+Y=
9,-24,z68nM5730vfzwJWiDuV55UXF27g=,kPI4Zq7gMfZMCTKyPClK0i53D+Y=
10,-24,z68nM5730vfzwJWiDuV55UXF27g=,kPI4Zq7gMfZMCTKyPClK0i53D+Y=
13,-21,z68nM5730vfzwJWiDuV55UXF27g=,kPI4Zq7gMfZMCTKyPClK0i53D+Y=
12,-21,z68nM5730vfzwJWiDuV55UXF27g=,kPI4Zq7gMfZMCTKyPClK0i53D+Y=
11,-24,z68nM5730vfzwJWiDuV55UXF27g=,kPI4Zq7gMfZMCTKyPClK0i53D+Y=
11,-21,z68nM5730vfzwJWiDuV55UXF27g=,kPI4Zq7gMfZMCTKyPClK0i53D+Y=
10,-21,z68nM5730vfzwJWiDuV55UXF27g=,kPI4Zq7gMfZMCTKyPClK0i53D+Y=
9,-21,z68nM5730vfzwJWiDuV55UXF27g=,kPI4Zq7gMfZMCTKyPClK0i53D+Y=
15,-22,z68nM5730vfzwJWiDuV55UXF27g=,kPI4Zq7gMfZMCTKyPClK0i53D+Y=
14,-22,z68nM5730vfzwJWiDuV55UXF27g=,kPI4Zq7gMfZMCTKyPClK0i53D+Y=
13,-22,z68nM5730vfzwJWiDuV55UXF27g=,kPI4Zq7gMfZMCTKyPClK0i53D+Y=
11,-22,z68nM5730vfzwJWiDuV55UXF27g=,kPI4Zq7gMfZMCTKyPClK0i53D+Y=
12,-22,z68nM5730vfzwJWiDuV55UXF27g=,kPI4Zq7gMfZMCTKyPClK0i53D+Y=
10,-22,z68nM5730vfzwJWiDuV55UXF27g=,kPI4Zq7gMfZMCTKyPClK0i53D+Y=
9,-22,z68nM5730vfzwJWiDuV55UXF27g=,kPI4Zq7gMfZMCTKyPClK0i53D+Y=
9,-19,z68nM5730vfzwJWiDuV55UXF27g=,kPI4Zq7gMfZMCTKyPClK0i53D+Y=
9,-18,z68nM5730vfzwJWiDuV55UXF27g=,kPI4Zq7gMfZMCTKyPClK0i53D+Y=
10,-18,z68nM5730vfzwJWiDuV55UXF27g=,kPI4Zq7gMfZMCTKyPClK0i53D+Y=
12,-24,z68nM5730vfzwJWiDuV55UXF27g=,kPI4Zq7gMfZMCTKyPClK0i53D+Y=
13,-24,z68nM5730vfzwJWiDuV55UXF27g=,kPI4Zq7gMfZMCTKyPClK0i53D+Y=
14,-24,z68nM5730vfzwJWiDuV55UXF27g=,kPI4Zq7gMfZMCTKyPClK0i53D+Y=
15,-24,z68nM5730vfzwJWiDuV55UXF27g=,kPI4Zq7gMfZMCTKyPClK0i53D+Y=
9,-23,z68nM5730vfzwJWiDuV55UXF27g=,kPI4Zq7gMfZMCTKyPClK0i53D+Y=
11,-18,z68nM5730vfzwJWiDuV55UXF27g=,kPI4Zq7gMfZMCTKyPClK0i53D+Y=
10,-23,z68nM5730vfzwJWiDuV55UXF27g=,kPI4Zq7gMfZMCTKyPClK0i53D+Y=
11,-23,z68nM5730vfzwJWiDuV55UXF27g=,kPI4Zq7gMfZMCTKyPClK0i53D+Y=
13,-18,z68nM5730vfzwJWiDuV55UXF27g=,kPI4Zq7gMfZMCTKyPClK0i53D+Y=
14,-18,z68nM5730vfzwJWiDuV55UXF27g=,kPI4Zq7gMfZMCTKyPClK0i53D+Y=
12,-18,z68nM5730vfzwJWiDuV55UXF27g=,kPI4Zq7gMfZMCTKyPClK0i53D+Y=
15,-18,z68nM5730vfzwJWiDuV55UXF27g=,kPI4Zq7gMfZMCTKyPClK0i53D+Y=
12,-23,z68nM5730vfzwJWiDuV55UXF27g=,kPI4Zq7gMfZMCTKyPClK0i53D+Y=
14,-17,z68nM5730vfzwJWiDuV55UXF27g=,kPI4Zq7gMfZMCTKyPClK0i53D+Y=
15,-17,z68nM5730vfzwJWiDuV55UXF27g=,kPI4Zq7gMfZMCTKyPClK0i53D+Y=
15,-23,z68nM5730vfzwJWiDuV55UXF27g=,kPI4Zq7gMfZMCTKyPClK0i53D+Y=
14,-23,z68nM5730vfzwJWiDuV55UXF27g=,kPI4Zq7gMfZMCTKyPClK0i53D+Y=
13,-23,z68nM5730vfzwJWiDuV55UXF27g=,kPI4Zq7gMfZMCTKyPClK0i53D+Y=
13,-17,z68nM5730vfzwJWiDuV55UXF27g=,kPI4Zq7gMfZMCTKyPClK0i53D+Y=
12,-17,z68nM5730vfzwJWiDuV55UXF27g=,kPI4Zq7gMfZMCTKyPClK0i53D+Y=
9,-17,z68nM5730vfzwJWiDuV55UXF27g=,kPI4Zq7gMfZMCTKyPClK0i53D+Y=
11,-17,z68nM5730vfzwJWiDuV55UXF27g=,kPI4Zq7gMfZMCTKyPClK0i53D+Y=
10,-17,z68nM5730vfzwJWiDuV55UXF27g=,kPI4Zq7gMfZMCTKyPClK0i53D+Y=
0,-22,z68nM5730vfzwJWiDuV55UXF27g=,jYn4hXsr3+J9zLcq8mSbfCOVOb8=
4,-24,z68nM5730vfzwJWiDuV55UXF27g=,jYn4hXsr3+J9zLcq8mSbfCOVOb8=
2,-23,z68nM5730vfzwJWiDuV55UXF27g=,jYn4hXsr3+J9zLcq8mSbfCOVOb8=
1,-21,z68nM5730vfzwJWiDuV55UXF27g=,jYn4hXsr3+J9zLcq8mSbfCOVOb8=
6,-23,z68nM5730vfzwJWiDuV55UXF27g=,jYn4hXsr3+J9zLcq8mSbfCOVOb8=
7,-23,z68nM5730vfzwJWiDuV55UXF27g=,jYn4hXsr3+J9zLcq8mSbfCOVOb8=
5,-24,z68nM5730vfzwJWiDuV55UXF27g=,jYn4hXsr3+J9zLcq8mSbfCOVOb8=
6,-20,z68nM5730vfzwJWiDuV55UXF27g=,jYn4hXsr3+J9zLcq8mSbfCOVOb8=
1,-23,z68nM5730vfzwJWiDuV55UXF27g=,jYn4hXsr3+J9zLcq8mSbfCOVOb8=
0,-20,z68nM5730vfzwJWiDuV55UXF27g=,jYn4hXsr3+J9zLcq8mSbfCOVOb8=
4,-19,z68nM5730vfzwJWiDuV55UXF27g=,jYn4hXsr3+J9zLcq8mSbfCOVOb8=
8,-19,z68nM5730vfzwJWiDuV55UXF27g=,kPI4Zq7gMfZMCTKyPClK0i53D+Y=
0,-23,z68nM5730vfzwJWiDuV55UXF27g=,jYn4hXsr3+J9zLcq8mSbfCOVOb8=
8,-21,z68nM5730vfzwJWiDuV55UXF27g=,kPI4Zq7gMfZMCTKyPClK0i53D+Y=
3,-17,z68nM5730vfzwJWiDuV55UXF27g=,jYn4hXsr3+J9zLcq8mSbfCOVOb8=
2,-17,z68nM5730vfzwJWiDuV55UXF27g=,jYn4hXsr3+J9zLcq8mSbfCOVOb8=
3,-19,z68nM5730vfzwJWiDuV55UXF27g=,jYn4hXsr3+J9zLcq8mSbfCOVOb8=
7,-24,z68nM5730vfzwJWiDuV55UXF27g=,jYn4hXsr3+J9zLcq8mSbfCOVOb8=
7,-21,z68nM5730vfzwJWiDuV55UXF27g=,jYn4hXsr3+J9zLcq8mSbfCOVOb8=
0,-21,z68nM5730vfzwJWiDuV55UXF27g=,jYn4hXsr3+J9zLcq8mSbfCOVOb8=
4,-17,z68nM5730vfzwJWiDuV55UXF27g=,jYn4hXsr3+J9zLcq8mSbfCOVOb8=
2,-19,z68nM5730vfzwJWiDuV55UXF27g=,jYn4hXsr3+J9zLcq8mSbfCOVOb8=
8,-22,z68nM5730vfzwJWiDuV55UXF27g=,kPI4Zq7gMfZMCTKyPClK0i53D+Y=
1,-19,z68nM5730vfzwJWiDuV55UXF27g=,jYn4hXsr3+J9zLcq8mSbfCOVOb8=
5,-20,z68nM5730vfzwJWiDuV55UXF27g=,jYn4hXsr3+J9zLcq8mSbfCOVOb8=
6,-21,z68nM5730vfzwJWiDuV55UXF27g=,jYn4hXsr3+J9zLcq8mSbfCOVOb8=
1,-17,z68nM5730vfzwJWiDuV55UXF27g=,jYn4hXsr3+J9zLcq8mSbfCOVOb8=
5,-21,z68nM5730vfzwJWiDuV55UXF27g=,jYn4hXsr3+J9zLcq8mSbfCOVOb8=
0,-17,z68nM5730vfzwJWiDuV55UXF27g=,jYn4hXsr3+J9zLcq8mSbfCOVOb8=
4,-21,z68nM5730vfzwJWiDuV55UXF27g=,jYn4hXsr3+J9zLcq8mSbfCOVOb8=
3,-21,z68nM5730vfzwJWiDuV55UXF27g=,jYn4hXsr3+J9zLcq8mSbfCOVOb8=
0,-19,z68nM5730vfzwJWiDuV55UXF27g=,jYn4hXsr3+J9zLcq8mSbfCOVOb8=
4,-20,z68nM5730vfzwJWiDuV55UXF27g=,jYn4hXsr3+J9zLcq8mSbfCOVOb8=
3,-24,z68nM5730vfzwJWiDuV55UXF27g=,jYn4hXsr3+J9zLcq8mSbfCOVOb8=
3,-20,z68nM5730vfzwJWiDuV55UXF27g=,jYn4hXsr3+J9zLcq8mSbfCOVOb8=
2,-24,z68nM5730vfzwJWiDuV55UXF27g=,jYn4hXsr3+J9zLcq8mSbfCOVOb8=
7,-18,z68nM5730vfzwJWiDuV55UXF27g=,jYn4hXsr3+J9zLcq8mSbfCOVOb8=
7,-22,z68nM5730vfzwJWiDuV55UXF27g=,jYn4hXsr3+J9zLcq8mSbfCOVOb8=
5,-17,z68nM5730vfzwJWiDuV55UXF27g=,jYn4hXsr3+J9zLcq8mSbfCOVOb8=
3,-23,z68nM5730vfzwJWiDuV55UXF27g=,jYn4hXsr3+J9zLcq8mSbfCOVOb8=
4,-23,z68nM5730vfzwJWiDuV55UXF27g=,jYn4hXsr3+J9zLcq8mSbfCOVOb8=
5,-23,z68nM5730vfzwJWiDuV55UXF27g=,jYn4hXsr3+J9zLcq8mSbfCOVOb8=
6,-24,z68nM5730vfzwJWiDuV55UXF27g=,jYn4hXsr3+J9zLcq8mSbfCOVOb8=
6,-22,z68nM5730vfzwJWiDuV55UXF27g=,jYn4hXsr3+J9zLcq8mSbfCOVOb8=
8,-23,z68nM5730vfzwJWiDuV55UXF27g=,kPI4Zq7gMfZMCTKyPClK0i53D+Y=
5,-22,z68nM5730vfzwJWiDuV55UXF27g=,jYn4hXsr3+J9zLcq8mSbfCOVOb8=
4,-18,z68nM5730vfzwJWiDuV55UXF27g=,jYn4hXsr3+J9zLcq8mSbfCOVOb8=
8,-17,z68nM5730vfzwJWiDuV55UXF27g=,kPI4Zq7gMfZMCTKyPClK0i53D+Y=
3,-18,z68nM5730vfzwJWiDuV55UXF27g=,jYn4hXsr3+J9zLcq8mSbfCOVOb8=
5,-18,z68nM5730vfzwJWiDuV55UXF27g=,jYn4hXsr3+J9zLcq8mSbfCOVOb8=
7,-20,z68nM5730vfzwJWiDuV55UXF27g=,jYn4hXsr3+J9zLcq8mSbfCOVOb8=
4,-22,z68nM5730vfzwJWiDuV55UXF27g=,jYn4hXsr3+J9zLcq8mSbfCOVOb8=
6,-18,z68nM5730vfzwJWiDuV55UXF27g=,jYn4hXsr3+J9zLcq8mSbfCOVOb8=
2,-20,z68nM5730vfzwJWiDuV55UXF27g=,jYn4hXsr3+J9zLcq8mSbfCOVOb8=
8,-24,z68nM5730vfzwJWiDuV55UXF27g=,kPI4Zq7gMfZMCTKyPClK0i53D+Y=
8,-20,z68nM5730vfzwJWiDuV55UXF27g=,kPI4Zq7gMfZMCTKyPClK0i53D+Y=
1,-20,z68nM5730vfzwJWiDuV55UXF27g=,jYn4hXsr3+J9zLcq8mSbfCOVOb8=
2,-21,z68nM5730vfzwJWiDuV55UXF27g=,jYn4hXsr3+J9zLcq8mSbfCOVOb8=
5,-19,z68nM5730vfzwJWiDuV55UXF27g=,jYn4hXsr3+J9zLcq8mSbfCOVOb8=
1,-24,z68nM5730vfzwJWiDuV55UXF27g=,jYn4hXsr3+J9zLcq8mSbfCOVOb8=
0,-24,z68nM5730vfzwJWiDuV55UXF27g=,jYn4hXsr3+J9zLcq8mSbfCOVOb8=
1,-22,z68nM5730vfzwJWiDuV55UXF27g=,jYn4hXsr3+J9zLcq8mSbfCOVOb8=
2,-22,z68nM5730vfzwJWiDuV55UXF27g=,jYn4hXsr3+J9zLcq8mSbfCOVOb8=
0,-18,z68nM5730vfzwJWiDuV55UXF27g=,jYn4hXsr3+J9zLcq8mSbfCOVOb8=
8,-18,z68nM5730vfzwJWiDuV55UXF27g=,kPI4Zq7gMfZMCTKyPClK0i53D+Y=
3,-22,z68nM5730vfzwJWiDuV55UXF27g=,jYn4hXsr3+J9zLcq8mSbfCOVOb8=
1,-18,z68nM5730vfzwJWiDuV55UXF27g=,jYn4hXsr3+J9zLcq8mSbfCOVOb8=
7,-19,z68nM5730vfzwJWiDuV55UXF27g=,jYn4hXsr3+J9zLcq8mSbfCOVOb8=
6,-19,z68nM5730vfzwJWiDuV55UXF27g=,jYn4hXsr3+J9zLcq8mSbfCOVOb8=
2,-18,z68nM5730vfzwJWiDuV55UXF27g=,jYn4hXsr3+J9zLcq8mSbfCOVOb8=
7,-17,z68nM5730vfzwJWiDuV55UXF27g=,jYn4hXsr3+J9zLcq8mSbfCOVOb8=
6,-17,z68nM5730vfzwJWiDuV55UXF27g=,jYn4hXsr3+J9zLcq8mSbfCOVOb8=
4,-5,z68nM5730vfzwJWiDuV55UXF27g=,rd98vDIZCQ9ua86POtcZP0mSOhY=
2,-5,z68nM5730vfzwJWiDuV55UXF27g=,rd98vDIZCQ9ua86POtcZP0mSOhY=
5,-6,z68nM5730vfzwJWiDuV55UXF27g=,rd98vDIZCQ9ua86POtcZP0mSOhY=
1,-5,z68nM5730vfzwJWiDuV55UXF27g=,rd98vDIZCQ9ua86POtcZP0mSOhY=
3,-5,z68nM5730vfzwJWiDuV55UXF27g=,rd98vDIZCQ9ua86POtcZP0mSOhY=
4,-6,z68nM5730vfzwJWiDuV55UXF27g=,rd98vDIZCQ9ua86POtcZP0mSOhY=
6,-2,z68nM5730vfzwJWiDuV55UXF27g=,rd98vDIZCQ9ua86POtcZP0mSOhY=
5,-5,z68nM5730vfzwJWiDuV55UXF27g=,rd98vDIZCQ9ua86POtcZP0mSOhY=
6,-6,z68nM5730vfzwJWiDuV55UXF27g=,rd98vDIZCQ9ua86POtcZP0mSOhY=
5,-2,z68nM5730vfzwJWiDuV55UXF27g=,rd98vDIZCQ9ua86POtcZP0mSOhY=
3,-6,z68nM5730vfzwJWiDuV55UXF27g=,rd98vDIZCQ9ua86POtcZP0mSOhY=
4,-2,z68nM5730vfzwJWiDuV55UXF27g=,rd98vDIZCQ9ua86POtcZP0mSOhY=
6,-5,z68nM5730vfzwJWiDuV55UXF27g=,rd98vDIZCQ9ua86POtcZP0mSOhY=
3,-2,z68nM5730vfzwJWiDuV55UXF27g=,rd98vDIZCQ9ua86POtcZP0mSOhY=
1,-2,z68nM5730vfzwJWiDuV55UXF27g=,rd98vDIZCQ9ua86POtcZP0mSOhY=
2,-6,z68nM5730vfzwJWiDuV55UXF27g=,rd98vDIZCQ9ua86POtcZP0mSOhY=
2,-2,z68nM5730vfzwJWiDuV55UXF27g=,rd98vDIZCQ9ua86POtcZP0mSOhY=
1,-4,z68nM5730vfzwJWiDuV55UXF27g=,rd98vDIZCQ9ua86POtcZP0mSOhY=
1,-6,z68nM5730vfzwJWiDuV55UXF27g=,rd98vDIZCQ9ua86POtcZP0mSOhY=
5,-3,z68nM5730vfzwJWiDuV55UXF27g=,rd98vDIZCQ9ua86POtcZP0mSOhY=
4,-3,z68nM5730vfzwJWiDuV55UXF27g=,rd98vDIZCQ9ua86POtcZP0mSOhY=
2,-4,z68nM5730vfzwJWiDuV55UXF27g=,rd98vDIZCQ9ua86POtcZP0mSOhY=
3,-3,z68nM5730vfzwJWiDuV55UXF27g=,rd98vDIZCQ9ua86POtcZP0mSOhY=
6,-7,z68nM5730vfzwJWiDuV55UXF27g=,rd98vDIZCQ9ua86POtcZP0mSOhY=
6,-3,z68nM5730vfzwJWiDuV55UXF27g=,rd98vDIZCQ9ua86POtcZP0mSOhY=
3,-4,z68nM5730vfzwJWiDuV55UXF27g=,rd98vDIZCQ9ua86POtcZP0mSOhY=
2,-7,z68nM5730vfzwJWiDuV55UXF27g=,rd98vDIZCQ9ua86POtcZP0mSOhY=
3,-7,z68nM5730vfzwJWiDuV55UXF27g=,rd98vDIZCQ9ua86POtcZP0mSOhY=
1,-3,z68nM5730vfzwJWiDuV55UXF27g=,rd98vDIZCQ9ua86POtcZP0mSOhY=
2,-3,z68nM5730vfzwJWiDuV55UXF27g=,rd98vDIZCQ9ua86POtcZP0mSOhY=
1,-7,z68nM5730vfzwJWiDuV55UXF27g=,rd98vDIZCQ9ua86POtcZP0mSOhY=
4,-4,z68nM5730vfzwJWiDuV55UXF27g=,rd98vDIZCQ9ua86POtcZP0mSOhY=
6,-4,z68nM5730vfzwJWiDuV55UXF27g=,rd98vDIZCQ9ua86POtcZP0mSOhY=
5,-4,z68nM5730vfzwJWiDuV55UXF27g=,rd98vDIZCQ9ua86POtcZP0mSOhY=
4,-7,z68nM5730vfzwJWiDuV55UXF27g=,rd98vDIZCQ9ua86POtcZP0mSOhY=
5,-7,z68nM5730vfzwJWiDuV55UXF27g=,rd98vDIZCQ9ua86POtcZP0mSOhY=
3,-1,z68nM5730vfzwJWiDuV55UXF27g=,rd98vDIZCQ9ua86POtcZP0mSOhY=
2,-1,z68nM5730vfzwJWiDuV55UXF27g=,rd98vDIZCQ9ua86POtcZP0mSOhY=
4,-1,z68nM5730vfzwJWiDuV55UXF27g=,rd98vDIZCQ9ua86POtcZP0mSOhY=
5,-1,z68nM5730vfzwJWiDuV55UXF27g=,rd98vDIZCQ9ua86POtcZP0mSOhY=
6,-1,z68nM5730vfzwJWiDuV55UXF27g=,rd98vDIZCQ9ua86POtcZP0mSOhY=
1,-1,z68nM5730vfzwJWiDuV55UXF27g=,rd98vDIZCQ9ua86POtcZP0mSOhY=
0,-2,z68nM5730vfzwJWiDuV55UXF27g=,rd98vDIZCQ9ua86POtcZP0mSOhY=
0,-3,z68nM5730vfzwJWiDuV55UXF27g=,rd98vDIZCQ9ua86POtcZP0mSOhY=
0,-4,z68nM5730vfzwJWiDuV55UXF27g=,rd98vDIZCQ9ua86POtcZP0mSOhY=
0,-5,z68nM5730vfzwJWiDuV55UXF27g=,rd98vDIZCQ9ua86POtcZP0mSOhY=
0,-6,z68nM5730vfzwJWiDuV55UXF27g=,rd98vDIZCQ9ua86POtcZP0mSOhY=
0,-7,z68nM5730vfzwJWiDuV55UXF27g=,rd98vDIZCQ9ua86POtcZP0mSOhY=
0,-1,z68nM5730vfzwJWiDuV55UXF27g=,rd98vDIZCQ9ua86POtcZP0mSOhY=
10,-13,MHKhREbMHRdiJrrJm9sMIhLw6og=,VsuDDeZeEzygOJ3ptrn2Q75qUqE=
15,-14,MHKhREbMHRdiJrrJm9sMIhLw6og=,VsuDDeZeEzygOJ3ptrn2Q75qUqE=
11,-13,MHKhREbMHRdiJrrJm9sMIhLw6og=,VsuDDeZeEzygOJ3ptrn2Q75qUqE=
14,-14,MHKhREbMHRdiJrrJm9sMIhLw6og=,VsuDDeZeEzygOJ3ptrn2Q75qUqE=
9,-13,MHKhREbMHRdiJrrJm9sMIhLw6og=,VsuDDeZeEzygOJ3ptrn2Q75qUqE=
15,-10,MHKhREbMHRdiJrrJm9sMIhLw6og=,VsuDDeZeEzygOJ3ptrn2Q75qUqE=
12,-13,MHKhREbMHRdiJrrJm9sMIhLw6og=,VsuDDeZeEzygOJ3ptrn2Q75qUqE=
14,-10,MHKhREbMHRdiJrrJm9sMIhLw6og=,VsuDDeZeEzygOJ3ptrn2Q75qUqE=
13,-10,MHKhREbMHRdiJrrJm9sMIhLw6og=,VsuDDeZeEzygOJ3ptrn2Q75qUqE=
13,-14,MHKhREbMHRdiJrrJm9sMIhLw6og=,VsuDDeZeEzygOJ3ptrn2Q75qUqE=
12,-10,MHKhREbMHRdiJrrJm9sMIhLw6og=,VsuDDeZeEzygOJ3ptrn2Q75qUqE=
11,-10,MHKhREbMHRdiJrrJm9sMIhLw6og=,VsuDDeZeEzygOJ3ptrn2Q75qUqE=
13,-13,MHKhREbMHRdiJrrJm9sMIhLw6og=,VsuDDeZeEzygOJ3ptrn2Q75qUqE=
10,-10,MHKhREbMHRdiJrrJm9sMIhLw6og=,VsuDDeZeEzygOJ3ptrn2Q75qUqE=
9,-10,MHKhREbMHRdiJrrJm9sMIhLw6og=,VsuDDeZeEzygOJ3ptrn2Q75qUqE=
14,-13,MHKhREbMHRdiJrrJm9sMIhLw6og=,VsuDDeZeEzygOJ3ptrn2Q75qUqE=
12,-14,MHKhREbMHRdiJrrJm9sMIhLw6og=,VsuDDeZeEzygOJ3ptrn2Q75qUqE=
11,-14,MHKhREbMHRdiJrrJm9sMIhLw6og=,VsuDDeZeEzygOJ3ptrn2Q75qUqE=
10,-14,MHKhREbMHRdiJrrJm9sMIhLw6og=,VsuDDeZeEzygOJ3ptrn2Q75qUqE=
15,-13,MHKhREbMHRdiJrrJm9sMIhLw6og=,VsuDDeZeEzygOJ3ptrn2Q75qUqE=
15,-11,MHKhREbMHRdiJrrJm9sMIhLw6og=,VsuDDeZeEzygOJ3ptrn2Q75qUqE=
9,-14,MHKhREbMHRdiJrrJm9sMIhLw6og=,VsuDDeZeEzygOJ3ptrn2Q75qUqE=
14,-11,MHKhREbMHRdiJrrJm9sMIhLw6og=,VsuDDeZeEzygOJ3ptrn2Q75qUqE=
15,-15,MHKhREbMHRdiJrrJm9sMIhLw6og=,VsuDDeZeEzygOJ3ptrn2Q75qUqE=
14,-15,MHKhREbMHRdiJrrJm9sMIhLw6og=,VsuDDeZeEzygOJ3ptrn2Q75qUqE=
13,-15,MHKhREbMHRdiJrrJm9sMIhLw6og=,VsuDDeZeEzygOJ3ptrn2Q75qUqE=
12,-15,MHKhREbMHRdiJrrJm9sMIhLw6og=,VsuDDeZeEzygOJ3ptrn2Q75qUqE=
11,-15,MHKhREbMHRdiJrrJm9sMIhLw6og=,VsuDDeZeEzygOJ3ptrn2Q75qUqE=
13,-11,MHKhREbMHRdiJrrJm9sMIhLw6og=,VsuDDeZeEzygOJ3ptrn2Q75qUqE=
9,-12,MHKhREbMHRdiJrrJm9sMIhLw6og=,VsuDDeZeEzygOJ3ptrn2Q75qUqE=
10,-15,MHKhREbMHRdiJrrJm9sMIhLw6og=,VsuDDeZeEzygOJ3ptrn2Q75qUqE=
12,-11,MHKhREbMHRdiJrrJm9sMIhLw6og=,VsuDDeZeEzygOJ3ptrn2Q75qUqE=
15,-16,MHKhREbMHRdiJrrJm9sMIhLw6og=,VsuDDeZeEzygOJ3ptrn2Q75qUqE=
9,-15,MHKhREbMHRdiJrrJm9sMIhLw6og=,VsuDDeZeEzygOJ3ptrn2Q75qUqE=
10,-12,MHKhREbMHRdiJrrJm9sMIhLw6og=,VsuDDeZeEzygOJ3ptrn2Q75qUqE=
14,-16,MHKhREbMHRdiJrrJm9sMIhLw6og=,VsuDDeZeEzygOJ3ptrn2Q75qUqE=
11,-11,MHKhREbMHRdiJrrJm9sMIhLw6og=,VsuDDeZeEzygOJ3ptrn2Q75qUqE=
10,-11,MHKhREbMHRdiJrrJm9sMIhLw6og=,VsuDDeZeEzygOJ3ptrn2Q75qUqE=
13,-16,MHKhREbMHRdiJrrJm9sMIhLw6og=,VsuDDeZeEzygOJ3ptrn2Q75qUqE=
9,-11,MHKhREbMHRdiJrrJm9sMIhLw6og=,VsuDDeZeEzygOJ3ptrn2Q75qUqE=
12,-16,MHKhREbMHRdiJrrJm9sMIhLw6og=,VsuDDeZeEzygOJ3ptrn2Q75qUqE=
15,-12,MHKhREbMHRdiJrrJm9sMIhLw6og=,VsuDDeZeEzygOJ3ptrn2Q75qUqE=
11,-16,MHKhREbMHRdiJrrJm9sMIhLw6og=,VsuDDeZeEzygOJ3ptrn2Q75qUqE=
14,-12,MHKhREbMHRdiJrrJm9sMIhLw6og=,VsuDDeZeEzygOJ3ptrn2Q75qUqE=
11,-12,MHKhREbMHRdiJrrJm9sMIhLw6og=,VsuDDeZeEzygOJ3ptrn2Q75qUqE=
10,-16,MHKhREbMHRdiJrrJm9sMIhLw6og=,VsuDDeZeEzygOJ3ptrn2Q75qUqE=
9,-16,MHKhREbMHRdiJrrJm9sMIhLw6og=,VsuDDeZeEzygOJ3ptrn2Q75qUqE=
13,-12,MHKhREbMHRdiJrrJm9sMIhLw6og=,VsuDDeZeEzygOJ3ptrn2Q75qUqE=
12,-12,MHKhREbMHRdiJrrJm9sMIhLw6og=,VsuDDeZeEzygOJ3ptrn2Q75qUqE=
8,-13,MHKhREbMHRdiJrrJm9sMIhLw6og=,VsuDDeZeEzygOJ3ptrn2Q75qUqE=
7,-15,MHKhREbMHRdiJrrJm9sMIhLw6og=,Y1Yn6jbC5H7lGz6MS8F7d7Nzo58=
5,-12,MHKhREbMHRdiJrrJm9sMIhLw6og=,Y1Yn6jbC5H7lGz6MS8F7d7Nzo58=
4,-12,MHKhREbMHRdiJrrJm9sMIhLw6og=,Y1Yn6jbC5H7lGz6MS8F7d7Nzo58=
3,-11,MHKhREbMHRdiJrrJm9sMIhLw6og=,Y1Yn6jbC5H7lGz6MS8F7d7Nzo58=
1,-15,MHKhREbMHRdiJrrJm9sMIhLw6og=,Y1Yn6jbC5H7lGz6MS8F7d7Nzo58=
8,-14,MHKhREbMHRdiJrrJm9sMIhLw6og=,VsuDDeZeEzygOJ3ptrn2Q75qUqE=
6,-15,MHKhREbMHRdiJrrJm9sMIhLw6og=,Y1Yn6jbC5H7lGz6MS8F7d7Nzo58=
8,-10,MHKhREbMHRdiJrrJm9sMIhLw6og=,VsuDDeZeEzygOJ3ptrn2Q75qUqE=
3,-12,MHKhREbMHRdiJrrJm9sMIhLw6og=,Y1Yn6jbC5H7lGz6MS8F7d7Nzo58=
0,-15,MHKhREbMHRdiJrrJm9sMIhLw6og=,Y1Yn6jbC5H7lGz6MS8F7d7Nzo58=
5,-15,MHKhREbMHRdiJrrJm9sMIhLw6og=,Y1Yn6jbC5H7lGz6MS8F7d7Nzo58=
8,-15,MHKhREbMHRdiJrrJm9sMIhLw6og=,VsuDDeZeEzygOJ3ptrn2Q75qUqE=
7,-13,MHKhREbMHRdiJrrJm9sMIhLw6og=,Y1Yn6jbC5H7lGz6MS8F7d7Nzo58=
7,-16,MHKhREbMHRdiJrrJm9sMIhLw6og=,Y1Yn6jbC5H7lGz6MS8F7d7Nzo58=
3,-16,MHKhREbMHRdiJrrJm9sMIhLw6og=,Y1Yn6jbC5H7lGz6MS8F7d7Nzo58=
4,-15,MHKhREbMHRdiJrrJm9sMIhLw6og=,Y1Yn6jbC5H7lGz6MS8F7d7Nzo58=
7,-14,MHKhREbMHRdiJrrJm9sMIhLw6og=,Y1Yn6jbC5H7lGz6MS8F7d7Nzo58=
8,-11,MHKhREbMHRdiJrrJm9sMIhLw6og=,VsuDDeZeEzygOJ3ptrn2Q75qUqE=
6,-14,MHKhREbMHRdiJrrJm9sMIhLw6og=,Y1Yn6jbC5H7lGz6MS8F7d7Nzo58=
5,-14,MHKhREbMHRdiJrrJm9sMIhLw6og=,Y1Yn6jbC5H7lGz6MS8F7d7Nzo58=
4,-14,MHKhREbMHRdiJrrJm9sMIhLw6og=,Y1Yn6jbC5H7lGz6MS8F7d7Nzo58=
2,-16,MHKhREbMHRdiJrrJm9sMIhLw6og=,Y1Yn6jbC5H7lGz6MS8F7d7Nzo58=
6,-16,MHKhREbMHRdiJrrJm9sMIhLw6og=,Y1Yn6jbC5H7lGz6MS8F7d7Nzo58=
3,-14,MHKhREbMHRdiJrrJm9sMIhLw6og=,Y1Yn6jbC5H7lGz6MS8F7d7Nzo58=
2,-14,MHKhREbMHRdiJrrJm9sMIhLw6og=,Y1Yn6jbC5H7lGz6MS8F7d7Nzo58=
5,-16,MHKhREbMHRdiJrrJm9sMIhLw6og=,Y1Yn6jbC5H7lGz6MS8F7d7Nzo58=
1,-14,MHKhREbMHRdiJrrJm9sMIhLw6og=,Y1Yn6jbC5H7lGz6MS8F7d7Nzo58=
3,-15,MHKhREbMHRdiJrrJm9sMIhLw6og=,Y1Yn6jbC5H7lGz6MS8F7d7Nzo58=
6,-8,MHKhREbMHRdiJrrJm9sMIhLw6og=,rd98vDIZCQ9ua86POtcZP0mSOhY=
8,-16,MHKhREbMHRdiJrrJm9sMIhLw6og=,VsuDDeZeEzygOJ3ptrn2Q75qUqE=
5,-8,MHKhREbMHRdiJrrJm9sMIhLw6og=,rd98vDIZCQ9ua86POtcZP0mSOhY=
2,-11,MHKhREbMHRdiJrrJm9sMIhLw6og=,Y1Yn6jbC5H7lGz6MS8F7d7Nzo58=
4,-8,MHKhREbMHRdiJrrJm9sMIhLw6og=,rd98vDIZCQ9ua86POtcZP0mSOhY=
3,-8,MHKhREbMHRdiJrrJm9sMIhLw6og=,rd98vDIZCQ9ua86POtcZP0mSOhY=
1,-11,MHKhREbMHRdiJrrJm9sMIhLw6og=,Y1Yn6jbC5H7lGz6MS8F7d7Nzo58=
2,-8,MHKhREbMHRdiJrrJm9sMIhLw6og=,rd98vDIZCQ9ua86POtcZP0mSOhY=
1,-8,MHKhREbMHRdiJrrJm9sMIhLw6og=,rd98vDIZCQ9ua86POtcZP0mSOhY=
6,-13,MHKhREbMHRdiJrrJm9sMIhLw6og=,Y1Yn6jbC5H7lGz6MS8F7d7Nzo58=
0,-8,MHKhREbMHRdiJrrJm9sMIhLw6og=,rd98vDIZCQ9ua86POtcZP0mSOhY=
5,-13,MHKhREbMHRdiJrrJm9sMIhLw6og=,Y1Yn6jbC5H7lGz6MS8F7d7Nzo58=
1,-16,MHKhREbMHRdiJrrJm9sMIhLw6og=,Y1Yn6jbC5H7lGz6MS8F7d7Nzo58=
6,-9,MHKhREbMHRdiJrrJm9sMIhLw6og=,Y1Yn6jbC5H7lGz6MS8F7d7Nzo58=
5,-9,MHKhREbMHRdiJrrJm9sMIhLw6og=,Y1Yn6jbC5H7lGz6MS8F7d7Nzo58=
4,-13,MHKhREbMHRdiJrrJm9sMIhLw6og=,Y1Yn6jbC5H7lGz6MS8F7d7Nzo58=
3,-13,MHKhREbMHRdiJrrJm9sMIhLw6og=,Y1Yn6jbC5H7lGz6MS8F7d7Nzo58=
4,-9,MHKhREbMHRdiJrrJm9sMIhLw6og=,Y1Yn6jbC5H7lGz6MS8F7d7Nzo58=
3,-9,MHKhREbMHRdiJrrJm9sMIhLw6og=,Y1Yn6jbC5H7lGz6MS8F7d7Nzo58=
2,-13,MHKhREbMHRdiJrrJm9sMIhLw6og=,Y1Yn6jbC5H7lGz6MS8F7d7Nzo58=
2,-9,MHKhREbMHRdiJrrJm9sMIhLw6og=,Y1Yn6jbC5H7lGz6MS8F7d7Nzo58=
1,-13,MHKhREbMHRdiJrrJm9sMIhLw6og=,Y1Yn6jbC5H7lGz6MS8F7d7Nzo58=
1,-9,MHKhREbMHRdiJrrJm9sMIhLw6og=,Y1Yn6jbC5H7lGz6MS8F7d7Nzo58=
0,-9,MHKhREbMHRdiJrrJm9sMIhLw6og=,Y1Yn6jbC5H7lGz6MS8F7d7Nzo58=
7,-10,MHKhREbMHRdiJrrJm9sMIhLw6og=,Y1Yn6jbC5H7lGz6MS8F7d7Nzo58=
2,-15,MHKhREbMHRdiJrrJm9sMIhLw6og=,Y1Yn6jbC5H7lGz6MS8F7d7Nzo58=
0,-13,MHKhREbMHRdiJrrJm9sMIhLw6og=,Y1Yn6jbC5H7lGz6MS8F7d7Nzo58=
0,-14,MHKhREbMHRdiJrrJm9sMIhLw6og=,Y1Yn6jbC5H7lGz6MS8F7d7Nzo58=
6,-10,MHKhREbMHRdiJrrJm9sMIhLw6og=,Y1Yn6jbC5H7lGz6MS8F7d7Nzo58=
5,-10,MHKhREbMHRdiJrrJm9sMIhLw6og=,Y1Yn6jbC5H7lGz6MS8F7d7Nzo58=
4,-10,MHKhREbMHRdiJrrJm9sMIhLw6og=,Y1Yn6jbC5H7lGz6MS8F7d7Nzo58=
2,-12,MHKhREbMHRdiJrrJm9sMIhLw6og=,Y1Yn6jbC5H7lGz6MS8F7d7Nzo58=
3,-10,MHKhREbMHRdiJrrJm9sMIhLw6og=,Y1Yn6jbC5H7lGz6MS8F7d7Nzo58=
0,-16,MHKhREbMHRdiJrrJm9sMIhLw6og=,Y1Yn6jbC5H7lGz6MS8F7d7Nzo58=
2,-10,MHKhREbMHRdiJrrJm9sMIhLw6og=,Y1Yn6jbC5H7lGz6MS8F7d7Nzo58=
1,-10,MHKhREbMHRdiJrrJm9sMIhLw6og=,Y1Yn6jbC5H7lGz6MS8F7d7Nzo58=
7,-12,MHKhREbMHRdiJrrJm9sMIhLw6og=,Y1Yn6jbC5H7lGz6MS8F7d7Nzo58=
0,-11,MHKhREbMHRdiJrrJm9sMIhLw6og=,Y1Yn6jbC5H7lGz6MS8F7d7Nzo58=
6,-11,MHKhREbMHRdiJrrJm9sMIhLw6og=,Y1Yn6jbC5H7lGz6MS8F7d7Nzo58=
0,-10,MHKhREbMHRdiJrrJm9sMIhLw6og=,Y1Yn6jbC5H7lGz6MS8F7d7Nzo58=
7,-11,MHKhREbMHRdiJrrJm9sMIhLw6og=,Y1Yn6jbC5H7lGz6MS8F7d7Nzo58=
4,-11,MHKhREbMHRdiJrrJm9sMIhLw6og=,Y1Yn6jbC5H7lGz6MS8F7d7Nzo58=
5,-11,MHKhREbMHRdiJrrJm9sMIhLw6og=,Y1Yn6jbC5H7lGz6MS8F7d7Nzo58=
4,-16,MHKhREbMHRdiJrrJm9sMIhLw6og=,Y1Yn6jbC5H7lGz6MS8F7d7Nzo58=
6,-12,MHKhREbMHRdiJrrJm9sMIhLw6og=,Y1Yn6jbC5H7lGz6MS8F7d7Nzo58=
8,-12,MHKhREbMHRdiJrrJm9sMIhLw6og=,VsuDDeZeEzygOJ3ptrn2Q75qUqE=
1,-12,MHKhREbMHRdiJrrJm9sMIhLw6og=,Y1Yn6jbC5H7lGz6MS8F7d7Nzo58=
0,-12,MHKhREbMHRdiJrrJm9sMIhLw6og=,Y1Yn6jbC5H7lGz6MS8F7d7Nzo58=
15,-9,MHKhREbMHRdiJrrJm9sMIhLw6og=,VsuDDeZeEzygOJ3ptrn2Q75qUqE=
15,-1,MHKhREbMHRdiJrrJm9sMIhLw6og=,1BgPyrrpMy/ZyXxtGgHF5r8xQY0=
12,-5,MHKhREbMHRdiJrrJm9sMIhLw6og=,1BgPyrrpMy/ZyXxtGgHF5r8xQY0=
7,-1,MHKhREbMHRdiJrrJm9sMIhLw6og=,rd98vDIZCQ9ua86POtcZP0mSOhY=
14,-9,MHKhREbMHRdiJrrJm9sMIhLw6og=,VsuDDeZeEzygOJ3ptrn2Q75qUqE=
13,-5,MHKhREbMHRdiJrrJm9sMIhLw6og=,1BgPyrrpMy/ZyXxtGgHF5r8xQY0=
10,-5,MHKhREbMHRdiJrrJm9sMIhLw6og=,1BgPyrrpMy/ZyXxtGgHF5r8xQY0=
11,-5,MHKhREbMHRdiJrrJm9sMIhLw6og=,1BgPyrrpMy/ZyXxtGgHF5r8xQY0=
12,-9,MHKhREbMHRdiJrrJm9sMIhLw6og=,VsuDDeZeEzygOJ3ptrn2Q75qUqE=
14,-5,MHKhREbMHRdiJrrJm9sMIhLw6og=,1BgPyrrpMy/ZyXxtGgHF5r8xQY0=
13,-9,MHKhREbMHRdiJrrJm9sMIhLw6og=,VsuDDeZeEzygOJ3ptrn2Q75qUqE=
11,-9,MHKhREbMHRdiJrrJm9sMIhLw6og=,VsuDDeZeEzygOJ3ptrn2Q75qUqE=
15,-5,MHKhREbMHRdiJrrJm9sMIhLw6og=,1BgPyrrpMy/ZyXxtGgHF5r8xQY0=
13,-1,MHKhREbMHRdiJrrJm9sMIhLw6og=,1BgPyrrpMy/ZyXxtGgHF5r8xQY0=
9,-9,MHKhREbMHRdiJrrJm9sMIhLw6og=,VsuDDeZeEzygOJ3ptrn2Q75qUqE=
10,-9,MHKhREbMHRdiJrrJm9sMIhLw6og=,VsuDDeZeEzygOJ3ptrn2Q75qUqE=
9,-5,MHKhREbMHRdiJrrJm9sMIhLw6og=,1BgPyrrpMy/ZyXxtGgHF5r8xQY0=
8,-4,MHKhREbMHRdiJrrJm9sMIhLw6og=,1BgPyrrpMy/ZyXxtGgHF5r8xQY0=
11,-6,MHKhREbMHRdiJrrJm9sMIhLw6og=,1BgPyrrpMy/ZyXxtGgHF5r8xQY0=
8,-9,MHKhREbMHRdiJrrJm9sMIhLw6og=,VsuDDeZeEzygOJ3ptrn2Q75qUqE=
12,-4,MHKhREbMHRdiJrrJm9sMIhLw6og=,1BgPyrrpMy/ZyXxtGgHF5r8xQY0=
9,-4,MHKhREbMHRdiJrrJm9sMIhLw6og=,1BgPyrrpMy/ZyXxtGgHF5r8xQY0=
8,-5,MHKhREbMHRdiJrrJm9sMIhLw6og=,1BgPyrrpMy/ZyXxtGgHF5r8xQY0=
12,-1,MHKhREbMHRdiJrrJm9sMIhLw6og=,1BgPyrrpMy/ZyXxtGgHF5r8xQY0=
9,-6,MHKhREbMHRdiJrrJm9sMIhLw6og=,1BgPyrrpMy/ZyXxtGgHF5r8xQY0=
15,-6,MHKhREbMHRdiJrrJm9sMIhLw6og=,1BgPyrrpMy/ZyXxtGgHF5r8xQY0=
7,-5,MHKhREbMHRdiJrrJm9sMIhLw6og=,rd98vDIZCQ9ua86POtcZP0mSOhY=
14,-2,MHKhREbMHRdiJrrJm9sMIhLw6og=,1BgPyrrpMy/ZyXxtGgHF5r8xQY0=
13,-2,MHKhREbMHRdiJrrJm9sMIhLw6og=,1BgPyrrpMy/ZyXxtGgHF5r8xQY0=
11,-1,MHKhREbMHRdiJrrJm9sMIhLw6og=,1BgPyrrpMy/ZyXxtGgHF5r8xQY0=
10,-1,MHKhREbMHRdiJrrJm9sMIhLw6og=,1BgPyrrpMy/ZyXxtGgHF5r8xQY0=
15,-7,MHKhREbMHRdiJrrJm9sMIhLw6og=,1BgPyrrpMy/ZyXxtGgHF5r8xQY0=
9,-1,MHKhREbMHRdiJrrJm9sMIhLw6og=,1BgPyrrpMy/ZyXxtGgHF5r8xQY0=
7,-9,MHKhREbMHRdiJrrJm9sMIhLw6og=,Y1Yn6jbC5H7lGz6MS8F7d7Nzo58=
12,-2,MHKhREbMHRdiJrrJm9sMIhLw6og=,1BgPyrrpMy/ZyXxtGgHF5r8xQY0=
8,-6,MHKhREbMHRdiJrrJm9sMIhLw6og=,1BgPyrrpMy/ZyXxtGgHF5r8xQY0=
14,-7,MHKhREbMHRdiJrrJm9sMIhLw6og=,1BgPyrrpMy/ZyXxtGgHF5r8xQY0=
11,-2,MHKhREbMHRdiJrrJm9sMIhLw6og=,1BgPyrrpMy/ZyXxtGgHF5r8xQY0=
13,-4,MHKhREbMHRdiJrrJm9sMIhLw6og=,1BgPyrrpMy/ZyXxtGgHF5r8xQY0=
13,-7,MHKhREbMHRdiJrrJm9sMIhLw6og=,1BgPyrrpMy/ZyXxtGgHF5r8xQY0=
10,-2,MHKhREbMHRdiJrrJm9sMIhLw6og=,1BgPyrrpMy/ZyXxtGgHF5r8xQY0=
12,-7,MHKhREbMHRdiJrrJm9sMIhLw6og=,1BgPyrrpMy/ZyXxtGgHF5r8xQY0=
7,-8,MHKhREbMHRdiJrrJm9sMIhLw6og=,rd98vDIZCQ9ua86POtcZP0mSOhY=
11,-7,MHKhREbMHRdiJrrJm9sMIhLw6og=,1BgPyrrpMy/ZyXxtGgHF5r8xQY0=
10,-7,MHKhREbMHRdiJrrJm9sMIhLw6og=,1BgPyrrpMy/ZyXxtGgHF5r8xQY0=
14,-6,MHKhREbMHRdiJrrJm9sMIhLw6og=,1BgPyrrpMy/ZyXxtGgHF5r8xQY0=
9,-2,MHKhREbMHRdiJrrJm9sMIhLw6og=,1BgPyrrpMy/ZyXxtGgHF5r8xQY0=
7,-4,MHKhREbMHRdiJrrJm9sMIhLw6og=,rd98vDIZCQ9ua86POtcZP0mSOhY=
10,-4,MHKhREbMHRdiJrrJm9sMIhLw6og=,1BgPyrrpMy/ZyXxtGgHF5r8xQY0=
15,-3,MHKhREbMHRdiJrrJm9sMIhLw6og=,1BgPyrrpMy/ZyXxtGgHF5r8xQY0=
9,-7,MHKhREbMHRdiJrrJm9sMIhLw6og=,1BgPyrrpMy/ZyXxtGgHF5r8xQY0=
8,-2,MHKhREbMHRdiJrrJm9sMIhLw6og=,1BgPyrrpMy/ZyXxtGgHF5r8xQY0=
14,-4,MHKhREbMHRdiJrrJm9sMIhLw6og=,1BgPyrrpMy/ZyXxtGgHF5r8xQY0=
13,-6,MHKhREbMHRdiJrrJm9sMIhLw6og=,1BgPyrrpMy/ZyXxtGgHF5r8xQY0=
15,-8,MHKhREbMHRdiJrrJm9sMIhLw6og=,1BgPyrrpMy/ZyXxtGgHF5r8xQY0=
8,-7,MHKhREbMHRdiJrrJm9sMIhLw6og=,1BgPyrrpMy/ZyXxtGgHF5r8xQY0=
7,-6,MHKhREbMHRdiJrrJm9sMIhLw6og=,rd98vDIZCQ9ua86POtcZP0mSOhY=
15,-4,MHKhREbMHRdiJrrJm9sMIhLw6og=,1BgPyrrpMy/ZyXxtGgHF5r8xQY0=
15,-2,MHKhREbMHRdiJrrJm9sMIhLw6og=,1BgPyrrpMy/ZyXxtGgHF5r8xQY0=
7,-3,MHKhREbMHRdiJrrJm9sMIhLw6og=,rd98vDIZCQ9ua86POtcZP0mSOhY=
14,-8,MHKhREbMHRdiJrrJm9sMIhLw6og=,1BgPyrrpMy/ZyXxtGgHF5r8xQY0=
11,-4,MHKhREbMHRdiJrrJm9sMIhLw6og=,1BgPyrrpMy/ZyXxtGgHF5r8xQY0=
8,-8,MHKhREbMHRdiJrrJm9sMIhLw6og=,1BgPyrrpMy/ZyXxtGgHF5r8xQY0=
12,-6,MHKhREbMHRdiJrrJm9sMIhLw6og=,1BgPyrrpMy/ZyXxtGgHF5r8xQY0=
14,-3,MHKhREbMHRdiJrrJm9sMIhLw6og=,1BgPyrrpMy/ZyXxtGgHF5r8xQY0=
13,-8,MHKhREbMHRdiJrrJm9sMIhLw6og=,1BgPyrrpMy/ZyXxtGgHF5r8xQY0=
13,-3,MHKhREbMHRdiJrrJm9sMIhLw6og=,1BgPyrrpMy/ZyXxtGgHF5r8xQY0=
8,-3,MHKhREbMHRdiJrrJm9sMIhLw6og=,1BgPyrrpMy/ZyXxtGgHF5r8xQY0=
12,-8,MHKhREbMHRdiJrrJm9sMIhLw6og=,1BgPyrrpMy/ZyXxtGgHF5r8xQY0=
7,-2,MHKhREbMHRdiJrrJm9sMIhLw6og=,rd98vDIZCQ9ua86POtcZP0mSOhY=
12,-3,MHKhREbMHRdiJrrJm9sMIhLw6og=,1BgPyrrpMy/ZyXxtGgHF5r8xQY0=
11,-8,MHKhREbMHRdiJrrJm9sMIhLw6og=,1BgPyrrpMy/ZyXxtGgHF5r8xQY0=
9,-3,MHKhREbMHRdiJrrJm9sMIhLw6og=,1BgPyrrpMy/ZyXxtGgHF5r8xQY0=
10,-6,MHKhREbMHRdiJrrJm9sMIhLw6og=,1BgPyrrpMy/ZyXxtGgHF5r8xQY0=
10,-8,MHKhREbMHRdiJrrJm9sMIhLw6og=,1BgPyrrpMy/ZyXxtGgHF5r8xQY0=
11,-3,MHKhREbMHRdiJrrJm9sMIhLw6og=,1BgPyrrpMy/ZyXxtGgHF5r8xQY0=
9,-8,MHKhREbMHRdiJrrJm9sMIhLw6og=,1BgPyrrpMy/ZyXxtGgHF5r8xQY0=
7,-7,MHKhREbMHRdiJrrJm9sMIhLw6og=,rd98vDIZCQ9ua86POtcZP0mSOhY=
8,-1,MHKhREbMHRdiJrrJm9sMIhLw6og=,1BgPyrrpMy/ZyXxtGgHF5r8xQY0=
10,-3,MHKhREbMHRdiJrrJm9sMIhLw6og=,1BgPyrrpMy/ZyXxtGgHF5r8xQY0=
14,-1,MHKhREbMHRdiJrrJm9sMIhLw6og=,1BgPyrrpMy/ZyXxtGgHF5r8xQY0=
28,-3,8paSgn9F3BhhX5x6KY5XdxVQ4KQ=,aEfPnc8ySnwOfJkhBvftqLo3pnw=
29,-4,8paSgn9F3BhhX5x6KY5XdxVQ4KQ=,aEfPnc8ySnwOfJkhBvftqLo3pnw=
30,-7,8paSgn9F3BhhX5x6KY5XdxVQ4KQ=,aEfPnc8ySnwOfJkhBvftqLo3pnw=
28,-4,8paSgn9F3BhhX5x6KY5XdxVQ4KQ=,aEfPnc8ySnwOfJkhBvftqLo3pnw=
29,-5,8paSgn9F3BhhX5x6KY5XdxVQ4KQ=,aEfPnc8ySnwOfJkhBvftqLo3pnw=
27,-3,8paSgn9F3BhhX5x6KY5XdxVQ4KQ=,aEfPnc8ySnwOfJkhBvftqLo3pnw=
29,-7,8paSgn9F3BhhX5x6KY5XdxVQ4KQ=,aEfPnc8ySnwOfJkhBvftqLo3pnw=
26,-3,8paSgn9F3BhhX5x6KY5XdxVQ4KQ=,aEfPnc8ySnwOfJkhBvftqLo3pnw=
27,-4,8paSgn9F3BhhX5x6KY5XdxVQ4KQ=,aEfPnc8ySnwOfJkhBvftqLo3pnw=
25,-3,8paSgn9F3BhhX5x6KY5XdxVQ4KQ=,aEfPnc8ySnwOfJkhBvftqLo3pnw=
28,-5,8paSgn9F3BhhX5x6KY5XdxVQ4KQ=,aEfPnc8ySnwOfJkhBvftqLo3pnw=
28,-7,8paSgn9F3BhhX5x6KY5XdxVQ4KQ=,aEfPnc8ySnwOfJkhBvftqLo3pnw=
25,-7,8paSgn9F3BhhX5x6KY5XdxVQ4KQ=,aEfPnc8ySnwOfJkhBvftqLo3pnw=
30,-6,8paSgn9F3BhhX5x6KY5XdxVQ4KQ=,aEfPnc8ySnwOfJkhBvftqLo3pnw=
29,-6,8paSgn9F3BhhX5x6KY5XdxVQ4KQ=,aEfPnc8ySnwOfJkhBvftqLo3pnw=
27,-7,8paSgn9F3BhhX5x6KY5XdxVQ4KQ=,aEfPnc8ySnwOfJkhBvftqLo3pnw=
26,-7,8paSgn9F3BhhX5x6KY5XdxVQ4KQ=,aEfPnc8ySnwOfJkhBvftqLo3pnw=
27,-5,8paSgn9F3BhhX5x6KY5XdxVQ4KQ=,aEfPnc8ySnwOfJkhBvftqLo3pnw=
30,-4,8paSgn9F3BhhX5x6KY5XdxVQ4KQ=,aEfPnc8ySnwOfJkhBvftqLo3pnw=
30,-2,8paSgn9F3BhhX5x6KY5XdxVQ4KQ=,aEfPnc8ySnwOfJkhBvftqLo3pnw=
29,-2,8paSgn9F3BhhX5x6KY5XdxVQ4KQ=,aEfPnc8ySnwOfJkhBvftqLo3pnw=
28,-2,8paSgn9F3BhhX5x6KY5XdxVQ4KQ=,aEfPnc8ySnwOfJkhBvftqLo3pnw=
27,-2,8paSgn9F3BhhX5x6KY5XdxVQ4KQ=,aEfPnc8ySnwOfJkhBvftqLo3pnw=
26,-4,8paSgn9F3BhhX5x6KY5XdxVQ4KQ=,aEfPnc8ySnwOfJkhBvftqLo3pnw=
26,-2,8paSgn9F3BhhX5x6KY5XdxVQ4KQ=,aEfPnc8ySnwOfJkhBvftqLo3pnw=
30,-5,8paSgn9F3BhhX5x6KY5XdxVQ4KQ=,aEfPnc8ySnwOfJkhBvftqLo3pnw=
25,-4,8paSgn9F3BhhX5x6KY5XdxVQ4KQ=,aEfPnc8ySnwOfJkhBvftqLo3pnw=
25,-2,8paSgn9F3BhhX5x6KY5XdxVQ4KQ=,aEfPnc8ySnwOfJkhBvftqLo3pnw=
30,-3,8paSgn9F3BhhX5x6KY5XdxVQ4KQ=,aEfPnc8ySnwOfJkhBvftqLo3pnw=
29,-3,8paSgn9F3BhhX5x6KY5XdxVQ4KQ=,aEfPnc8ySnwOfJkhBvftqLo3pnw=
28,-6,8paSgn9F3BhhX5x6KY5XdxVQ4KQ=,aEfPnc8ySnwOfJkhBvftqLo3pnw=
26,-5,8paSgn9F3BhhX5x6KY5XdxVQ4KQ=,aEfPnc8ySnwOfJkhBvftqLo3pnw=
25,-5,8paSgn9F3BhhX5x6KY5XdxVQ4KQ=,aEfPnc8ySnwOfJkhBvftqLo3pnw=
27,-6,8paSgn9F3BhhX5x6KY5XdxVQ4KQ=,aEfPnc8ySnwOfJkhBvftqLo3pnw=
25,-6,8paSgn9F3BhhX5x6KY5XdxVQ4KQ=,aEfPnc8ySnwOfJkhBvftqLo3pnw=
26,-6,8paSgn9F3BhhX5x6KY5XdxVQ4KQ=,aEfPnc8ySnwOfJkhBvftqLo3pnw=
31,-3,8paSgn9F3BhhX5x6KY5XdxVQ4KQ=,aEfPnc8ySnwOfJkhBvftqLo3pnw=
31,-4,8paSgn9F3BhhX5x6KY5XdxVQ4KQ=,aEfPnc8ySnwOfJkhBvftqLo3pnw=
31,-7,8paSgn9F3BhhX5x6KY5XdxVQ4KQ=,aEfPnc8ySnwOfJkhBvftqLo3pnw=
31,-5,8paSgn9F3BhhX5x6KY5XdxVQ4KQ=,aEfPnc8ySnwOfJkhBvftqLo3pnw=
31,-6,8paSgn9F3BhhX5x6KY5XdxVQ4KQ=,aEfPnc8ySnwOfJkhBvftqLo3pnw=
31,-2,8paSgn9F3BhhX5x6KY5XdxVQ4KQ=,aEfPnc8ySnwOfJkhBvftqLo3pnw=
30,-1,8paSgn9F3BhhX5x6KY5XdxVQ4KQ=,aEfPnc8ySnwOfJkhBvftqLo3pnw=
29,-1,8paSgn9F3BhhX5x6KY5XdxVQ4KQ=,aEfPnc8ySnwOfJkhBvftqLo3pnw=
28,-1,8paSgn9F3BhhX5x6KY5XdxVQ4KQ=,aEfPnc8ySnwOfJkhBvftqLo3pnw=
27,-1,8paSgn9F3BhhX5x6KY5XdxVQ4KQ=,aEfPnc8ySnwOfJkhBvftqLo3pnw=
26,-1,8paSgn9F3BhhX5x6KY5XdxVQ4KQ=,aEfPnc8ySnwOfJkhBvftqLo3pnw=
25,-1,8paSgn9F3BhhX5x6KY5XdxVQ4KQ=,aEfPnc8ySnwOfJkhBvftqLo3pnw=
31,-1,8paSgn9F3BhhX5x6KY5XdxVQ4KQ=,aEfPnc8ySnwOfJkhBvftqLo3pnw=
27,-13,8paSgn9F3BhhX5x6KY5XdxVQ4KQ=,9WS2RW+RXT5zKUomBQ1Oih3PSRY=
31,-9,8paSgn9F3BhhX5x6KY5XdxVQ4KQ=,9WS2RW+RXT5zKUomBQ1Oih3PSRY=
29,-9,8paSgn9F3BhhX5x6KY5XdxVQ4KQ=,9WS2RW+RXT5zKUomBQ1Oih3PSRY=
28,-13,8paSgn9F3BhhX5x6KY5XdxVQ4KQ=,9WS2RW+RXT5zKUomBQ1Oih3PSRY=
30,-9,8paSgn9F3BhhX5x6KY5XdxVQ4KQ=,9WS2RW+RXT5zKUomBQ1Oih3PSRY=
26,-13,8paSgn9F3BhhX5x6KY5XdxVQ4KQ=,9WS2RW+RXT5zKUomBQ1Oih3PSRY=
31,-14,8paSgn9F3BhhX5x6KY5XdxVQ4KQ=,9WS2RW+RXT5zKUomBQ1Oih3PSRY=
25,-13,8paSgn9F3BhhX5x6KY5XdxVQ4KQ=,9WS2RW+RXT5zKUomBQ1Oih3PSRY=
28,-9,8paSgn9F3BhhX5x6KY5XdxVQ4KQ=,9WS2RW+RXT5zKUomBQ1Oih3PSRY=
30,-14,8paSgn9F3BhhX5x6KY5XdxVQ4KQ=,9WS2RW+RXT5zKUomBQ1Oih3PSRY=
29,-13,8paSgn9F3BhhX5x6KY5XdxVQ4KQ=,9WS2RW+RXT5zKUomBQ1Oih3PSRY=
31,-10,8paSgn9F3BhhX5x6KY5XdxVQ4KQ=,9WS2RW+RXT5zKUomBQ1Oih3PSRY=
27,-8,8paSgn9F3BhhX5x6KY5XdxVQ4KQ=,aEfPnc8ySnwOfJkhBvftqLo3pnw=
30,-10,8paSgn9F3BhhX5x6KY5XdxVQ4KQ=,9WS2RW+RXT5zKUomBQ1Oih3PSRY=
29,-14,8paSgn9F3BhhX5x6KY5XdxVQ4KQ=,9WS2RW+RXT5zKUomBQ1Oih3PSRY=
29,-10,8paSgn9F3BhhX5x6KY5XdxVQ4KQ=,9WS2RW+RXT5zKUomBQ1Oih3PSRY=
28,-8,8paSgn9F3BhhX5x6KY5XdxVQ4KQ=,aEfPnc8ySnwOfJkhBvftqLo3pnw=
29,-8,8paSgn9F3BhhX5x6KY5XdxVQ4KQ=,aEfPnc8ySnwOfJkhBvftqLo3pnw=
28,-14,8paSgn9F3BhhX5x6KY5XdxVQ4KQ=,9WS2RW+RXT5zKUomBQ1Oih3PSRY=
30,-13,8paSgn9F3BhhX5x6KY5XdxVQ4KQ=,9WS2RW+RXT5zKUomBQ1Oih3PSRY=
30,-8,8paSgn9F3BhhX5x6KY5XdxVQ4KQ=,aEfPnc8ySnwOfJkhBvftqLo3pnw=
31,-13,8paSgn9F3BhhX5x6KY5XdxVQ4KQ=,9WS2RW+RXT5zKUomBQ1Oih3PSRY=
31,-8,8paSgn9F3BhhX5x6KY5XdxVQ4KQ=,aEfPnc8ySnwOfJkhBvftqLo3pnw=
27,-9,8paSgn9F3BhhX5x6KY5XdxVQ4KQ=,9WS2RW+RXT5zKUomBQ1Oih3PSRY=
27,-14,8paSgn9F3BhhX5x6KY5XdxVQ4KQ=,9WS2RW+RXT5zKUomBQ1Oih3PSRY=
25,-9,8paSgn9F3BhhX5x6KY5XdxVQ4KQ=,9WS2RW+RXT5zKUomBQ1Oih3PSRY=
28,-10,8paSgn9F3BhhX5x6KY5XdxVQ4KQ=,9WS2RW+RXT5zKUomBQ1Oih3PSRY=
31,-11,8paSgn9F3BhhX5x6KY5XdxVQ4KQ=,9WS2RW+RXT5zKUomBQ1Oih3PSRY=
30,-11,8paSgn9F3BhhX5x6KY5XdxVQ4KQ=,9WS2RW+RXT5zKUomBQ1Oih3PSRY=
26,-14,8paSgn9F3BhhX5x6KY5XdxVQ4KQ=,9WS2RW+RXT5zKUomBQ1Oih3PSRY=
25,-14,8paSgn9F3BhhX5x6KY5XdxVQ4KQ=,9WS2RW+RXT5zKUomBQ1Oih3PSRY=
31,-15,8paSgn9F3BhhX5x6KY5XdxVQ4KQ=,9WS2RW+RXT5zKUomBQ1Oih3PSRY=
29,-11,8paSgn9F3BhhX5x6KY5XdxVQ4KQ=,9WS2RW+RXT5zKUomBQ1Oih3PSRY=
30,-15,8paSgn9F3BhhX5x6KY5XdxVQ4KQ=,9WS2RW+RXT5zKUomBQ1Oih3PSRY=
29,-15,8paSgn9F3BhhX5x6KY5XdxVQ4KQ=,9WS2RW+RXT5zKUomBQ1Oih3PSRY=
28,-15,8paSgn9F3BhhX5x6KY5XdxVQ4KQ=,9WS2RW+RXT5zKUomBQ1Oih3PSRY=
27,-15,8paSgn9F3BhhX5x6KY5XdxVQ4KQ=,9WS2RW+RXT5zKUomBQ1Oih3PSRY=
26,-15,8paSgn9F3BhhX5x6KY5XdxVQ4KQ=,9WS2RW+RXT5zKUomBQ1Oih3PSRY=
25,-15,8paSgn9F3BhhX5x6KY5XdxVQ4KQ=,9WS2RW+RXT5zKUomBQ1Oih3PSRY=
26,-9,8paSgn9F3BhhX5x6KY5XdxVQ4KQ=,9WS2RW+RXT5zKUomBQ1Oih3PSRY=
31,-16,8paSgn9F3BhhX5x6KY5XdxVQ4KQ=,9WS2RW+RXT5zKUomBQ1Oih3PSRY=
30,-16,8paSgn9F3BhhX5x6KY5XdxVQ4KQ=,9WS2RW+RXT5zKUomBQ1Oih3PSRY=
29,-16,8paSgn9F3BhhX5x6KY5XdxVQ4KQ=,9WS2RW+RXT5zKUomBQ1Oih3PSRY=
28,-16,8paSgn9F3BhhX5x6KY5XdxVQ4KQ=,9WS2RW+RXT5zKUomBQ1Oih3PSRY=
27,-16,8paSgn9F3BhhX5x6KY5XdxVQ4KQ=,9WS2RW+RXT5zKUomBQ1Oih3PSRY=
26,-16,8paSgn9F3BhhX5x6KY5XdxVQ4KQ=,9WS2RW+RXT5zKUomBQ1Oih3PSRY=
25,-16,8paSgn9F3BhhX5x6KY5XdxVQ4KQ=,9WS2RW+RXT5zKUomBQ1Oih3PSRY=
26,-8,8paSgn9F3BhhX5x6KY5XdxVQ4KQ=,aEfPnc8ySnwOfJkhBvftqLo3pnw=
26,-10,8paSgn9F3BhhX5x6KY5XdxVQ4KQ=,9WS2RW+RXT5zKUomBQ1Oih3PSRY=
25,-8,8paSgn9F3BhhX5x6KY5XdxVQ4KQ=,aEfPnc8ySnwOfJkhBvftqLo3pnw=
31,-12,8paSgn9F3BhhX5x6KY5XdxVQ4KQ=,9WS2RW+RXT5zKUomBQ1Oih3PSRY=
30,-12,8paSgn9F3BhhX5x6KY5XdxVQ4KQ=,9WS2RW+RXT5zKUomBQ1Oih3PSRY=
29,-12,8paSgn9F3BhhX5x6KY5XdxVQ4KQ=,9WS2RW+RXT5zKUomBQ1Oih3PSRY=
28,-11,8paSgn9F3BhhX5x6KY5XdxVQ4KQ=,9WS2RW+RXT5zKUomBQ1Oih3PSRY=
28,-12,8paSgn9F3BhhX5x6KY5XdxVQ4KQ=,9WS2RW+RXT5zKUomBQ1Oih3PSRY=
25,-10,8paSgn9F3BhhX5x6KY5XdxVQ4KQ=,9WS2RW+RXT5zKUomBQ1Oih3PSRY=
27,-10,8paSgn9F3BhhX5x6KY5XdxVQ4KQ=,9WS2RW+RXT5zKUomBQ1Oih3PSRY=
27,-12,8paSgn9F3BhhX5x6KY5XdxVQ4KQ=,9WS2RW+RXT5zKUomBQ1Oih3PSRY=
26,-11,8paSgn9F3BhhX5x6KY5XdxVQ4KQ=,9WS2RW+RXT5zKUomBQ1Oih3PSRY=
25,-11,8paSgn9F3BhhX5x6KY5XdxVQ4KQ=,9WS2RW+RXT5zKUomBQ1Oih3PSRY=
25,-12,8paSgn9F3BhhX5x6KY5XdxVQ4KQ=,9WS2RW+RXT5zKUomBQ1Oih3PSRY=
27,-11,8paSgn9F3BhhX5x6KY5XdxVQ4KQ=,9WS2RW+RXT5zKUomBQ1Oih3PSRY=
26,-12,8paSgn9F3BhhX5x6KY5XdxVQ4KQ=,9WS2RW+RXT5zKUomBQ1Oih3PSRY=
23,-1,rN2nf1qIYUPNHGgzDTsg1fUwhms=,1GDVNCULfUqGk33G8db48Sxajgs=
22,-1,rN2nf1qIYUPNHGgzDTsg1fUwhms=,1GDVNCULfUqGk33G8db48Sxajgs=
21,-1,rN2nf1qIYUPNHGgzDTsg1fUwhms=,1GDVNCULfUqGk33G8db48Sxajgs=
19,-5,rN2nf1qIYUPNHGgzDTsg1fUwhms=,1GDVNCULfUqGk33G8db48Sxajgs=
20,-1,rN2nf1qIYUPNHGgzDTsg1fUwhms=,1GDVNCULfUqGk33G8db48Sxajgs=
18,-5,rN2nf1qIYUPNHGgzDTsg1fUwhms=,1GDVNCULfUqGk33G8db48Sxajgs=
20,-5,rN2nf1qIYUPNHGgzDTsg1fUwhms=,1GDVNCULfUqGk33G8db48Sxajgs=
17,-5,rN2nf1qIYUPNHGgzDTsg1fUwhms=,1GDVNCULfUqGk33G8db48Sxajgs=
19,-1,rN2nf1qIYUPNHGgzDTsg1fUwhms=,1GDVNCULfUqGk33G8db48Sxajgs=
16,-5,rN2nf1qIYUPNHGgzDTsg1fUwhms=,1GDVNCULfUqGk33G8db48Sxajgs=
23,-6,rN2nf1qIYUPNHGgzDTsg1fUwhms=,1GDVNCULfUqGk33G8db48Sxajgs=
22,-6,rN2nf1qIYUPNHGgzDTsg1fUwhms=,1GDVNCULfUqGk33G8db48Sxajgs=
24,-6,rN2nf1qIYUPNHGgzDTsg1fUwhms=,aEfPnc8ySnwOfJkhBvftqLo3pnw=
24,-2,rN2nf1qIYUPNHGgzDTsg1fUwhms=,aEfPnc8ySnwOfJkhBvftqLo3pnw=
21,-6,rN2nf1qIYUPNHGgzDTsg1fUwhms=,1GDVNCULfUqGk33G8db48Sxajgs=
23,-2,rN2nf1qIYUPNHGgzDTsg1fUwhms=,1GDVNCULfUqGk33G8db48Sxajgs=
20,-6,rN2nf1qIYUPNHGgzDTsg1fUwhms=,1GDVNCULfUqGk33G8db48Sxajgs=
22,-2,rN2nf1qIYUPNHGgzDTsg1fUwhms=,1GDVNCULfUqGk33G8db48Sxajgs=
19,-6,rN2nf1qIYUPNHGgzDTsg1fUwhms=,1GDVNCULfUqGk33G8db48Sxajgs=
21,-2,rN2nf1qIYUPNHGgzDTsg1fUwhms=,1GDVNCULfUqGk33G8db48Sxajgs=
20,-2,rN2nf1qIYUPNHGgzDTsg1fUwhms=,1GDVNCULfUqGk33G8db48Sxajgs=
19,-2,rN2nf1qIYUPNHGgzDTsg1fUwhms=,1GDVNCULfUqGk33G8db48Sxajgs=
21,-5,rN2nf1qIYUPNHGgzDTsg1fUwhms=,1GDVNCULfUqGk33G8db48Sxajgs=
16,-1,rN2nf1qIYUPNHGgzDTsg1fUwhms=,1GDVNCULfUqGk33G8db48Sxajgs=
18,-6,rN2nf1qIYUPNHGgzDTsg1fUwhms=,1GDVNCULfUqGk33G8db48Sxajgs=
17,-6,rN2nf1qIYUPNHGgzDTsg1fUwhms=,1GDVNCULfUqGk33G8db48Sxajgs=
17,-1,rN2nf1qIYUPNHGgzDTsg1fUwhms=,1GDVNCULfUqGk33G8db48Sxajgs=
16,-6,rN2nf1qIYUPNHGgzDTsg1fUwhms=,1GDVNCULfUqGk33G8db48Sxajgs=
18,-1,rN2nf1qIYUPNHGgzDTsg1fUwhms=,1GDVNCULfUqGk33G8db48Sxajgs=
22,-5,rN2nf1qIYUPNHGgzDTsg1fUwhms=,1GDVNCULfUqGk33G8db48Sxajgs=
24,-1,rN2nf1qIYUPNHGgzDTsg1fUwhms=,aEfPnc8ySnwOfJkhBvftqLo3pnw=
23,-7,rN2nf1qIYUPNHGgzDTsg1fUwhms=,1GDVNCULfUqGk33G8db48Sxajgs=
22,-7,rN2nf1qIYUPNHGgzDTsg1fUwhms=,1GDVNCULfUqGk33G8db48Sxajgs=
21,-7,rN2nf1qIYUPNHGgzDTsg1fUwhms=,1GDVNCULfUqGk33G8db48Sxajgs=
23,-3,rN2nf1qIYUPNHGgzDTsg1fUwhms=,1GDVNCULfUqGk33G8db48Sxajgs=
22,-3,rN2nf1qIYUPNHGgzDTsg1fUwhms=,1GDVNCULfUqGk33G8db48Sxajgs=
21,-3,rN2nf1qIYUPNHGgzDTsg1fUwhms=,1GDVNCULfUqGk33G8db48Sxajgs=
18,-2,rN2nf1qIYUPNHGgzDTsg1fUwhms=,1GDVNCULfUqGk33G8db48Sxajgs=
20,-3,rN2nf1qIYUPNHGgzDTsg1fUwhms=,1GDVNCULfUqGk33G8db48Sxajgs=
20,-7,rN2nf1qIYUPNHGgzDTsg1fUwhms=,1GDVNCULfUqGk33G8db48Sxajgs=
24,-5,rN2nf1qIYUPNHGgzDTsg1fUwhms=,aEfPnc8ySnwOfJkhBvftqLo3pnw=
24,-7,rN2nf1qIYUPNHGgzDTsg1fUwhms=,aEfPnc8ySnwOfJkhBvftqLo3pnw=
17,-2,rN2nf1qIYUPNHGgzDTsg1fUwhms=,1GDVNCULfUqGk33G8db48Sxajgs=
19,-7,rN2nf1qIYUPNHGgzDTsg1fUwhms=,1GDVNCULfUqGk33G8db48Sxajgs=
16,-2,rN2nf1qIYUPNHGgzDTsg1fUwhms=,1GDVNCULfUqGk33G8db48Sxajgs=
18,-7,rN2nf1qIYUPNHGgzDTsg1fUwhms=,1GDVNCULfUqGk33G8db48Sxajgs=
19,-3,rN2nf1qIYUPNHGgzDTsg1fUwhms=,1GDVNCULfUqGk33G8db48Sxajgs=
23,-4,rN2nf1qIYUPNHGgzDTsg1fUwhms=,1GDVNCULfUqGk33G8db48Sxajgs=
17,-7,rN2nf1qIYUPNHGgzDTsg1fUwhms=,1GDVNCULfUqGk33G8db48Sxajgs=
23,-5,rN2nf1qIYUPNHGgzDTsg1fUwhms=,1GDVNCULfUqGk33G8db48Sxajgs=
22,-4,rN2nf1qIYUPNHGgzDTsg1fUwhms=,1GDVNCULfUqGk33G8db48Sxajgs=
24,-3,rN2nf1qIYUPNHGgzDTsg1fUwhms=,aEfPnc8ySnwOfJkhBvftqLo3pnw=
16,-7,rN2nf1qIYUPNHGgzDTsg1fUwhms=,1GDVNCULfUqGk33G8db48Sxajgs=
18,-3,rN2nf1qIYUPNHGgzDTsg1fUwhms=,1GDVNCULfUqGk33G8db48Sxajgs=
17,-3,rN2nf1qIYUPNHGgzDTsg1fUwhms=,1GDVNCULfUqGk33G8db48Sxajgs=
16,-3,rN2nf1qIYUPNHGgzDTsg1fUwhms=,1GDVNCULfUqGk33G8db48Sxajgs=
24,-4,rN2nf1qIYUPNHGgzDTsg1fUwhms=,aEfPnc8ySnwOfJkhBvftqLo3pnw=
21,-4,rN2nf1qIYUPNHGgzDTsg1fUwhms=,1GDVNCULfUqGk33G8db48Sxajgs=
20,-4,rN2nf1qIYUPNHGgzDTsg1fUwhms=,1GDVNCULfUqGk33G8db48Sxajgs=
19,-4,rN2nf1qIYUPNHGgzDTsg1fUwhms=,1GDVNCULfUqGk33G8db48Sxajgs=
16,-4,rN2nf1qIYUPNHGgzDTsg1fUwhms=,1GDVNCULfUqGk33G8db48Sxajgs=
18,-4,rN2nf1qIYUPNHGgzDTsg1fUwhms=,1GDVNCULfUqGk33G8db48Sxajgs=
17,-4,rN2nf1qIYUPNHGgzDTsg1fUwhms=,1GDVNCULfUqGk33G8db48Sxajgs=
19,-11,rN2nf1qIYUPNHGgzDTsg1fUwhms=,pxcD9DOuYxuCgRfLZITFWoJGpJs=
24,-8,rN2nf1qIYUPNHGgzDTsg1fUwhms=,aEfPnc8ySnwOfJkhBvftqLo3pnw=
18,-11,rN2nf1qIYUPNHGgzDTsg1fUwhms=,pxcD9DOuYxuCgRfLZITFWoJGpJs=
17,-11,rN2nf1qIYUPNHGgzDTsg1fUwhms=,pxcD9DOuYxuCgRfLZITFWoJGpJs=
23,-12,rN2nf1qIYUPNHGgzDTsg1fUwhms=,pxcD9DOuYxuCgRfLZITFWoJGpJs=
16,-11,rN2nf1qIYUPNHGgzDTsg1fUwhms=,pxcD9DOuYxuCgRfLZITFWoJGpJs=
22,-12,rN2nf1qIYUPNHGgzDTsg1fUwhms=,pxcD9DOuYxuCgRfLZITFWoJGpJs=
24,-13,rN2nf1qIYUPNHGgzDTsg1fUwhms=,9WS2RW+RXT5zKUomBQ1Oih3PSRY=
16,-16,rN2nf1qIYUPNHGgzDTsg1fUwhms=,pxcD9DOuYxuCgRfLZITFWoJGpJs=
21,-12,rN2nf1qIYUPNHGgzDTsg1fUwhms=,pxcD9DOuYxuCgRfLZITFWoJGpJs=
20,-12,rN2nf1qIYUPNHGgzDTsg1fUwhms=,pxcD9DOuYxuCgRfLZITFWoJGpJs=
19,-12,rN2nf1qIYUPNHGgzDTsg1fUwhms=,pxcD9DOuYxuCgRfLZITFWoJGpJs=
17,-12,rN2nf1qIYUPNHGgzDTsg1fUwhms=,pxcD9DOuYxuCgRfLZITFWoJGpJs=
24,-9,rN2nf1qIYUPNHGgzDTsg1fUwhms=,9WS2RW+RXT5zKUomBQ1Oih3PSRY=
17,-16,rN2nf1qIYUPNHGgzDTsg1fUwhms=,pxcD9DOuYxuCgRfLZITFWoJGpJs=
24,-10,rN2nf1qIYUPNHGgzDTsg1fUwhms=,9WS2RW+RXT5zKUomBQ1Oih3PSRY=
24,-14,rN2nf1qIYUPNHGgzDTsg1fUwhms=,9WS2RW+RXT5zKUomBQ1Oih3PSRY=
16,-12,rN2nf1qIYUPNHGgzDTsg1fUwhms=,pxcD9DOuYxuCgRfLZITFWoJGpJs=
22,-13,rN2nf1qIYUPNHGgzDTsg1fUwhms=,pxcD9DOuYxuCgRfLZITFWoJGpJs=
23,-8,rN2nf1qIYUPNHGgzDTsg1fUwhms=,1GDVNCULfUqGk33G8db48Sxajgs=
23,-13,rN2nf1qIYUPNHGgzDTsg1fUwhms=,pxcD9DOuYxuCgRfLZITFWoJGpJs=
22,-8,rN2nf1qIYUPNHGgzDTsg1fUwhms=,1GDVNCULfUqGk33G8db48Sxajgs=
24,-15,rN2nf1qIYUPNHGgzDTsg1fUwhms=,9WS2RW+RXT5zKUomBQ1Oih3PSRY=
20,-13,rN2nf1qIYUPNHGgzDTsg1fUwhms=,pxcD9DOuYxuCgRfLZITFWoJGpJs=
21,-13,rN2nf1qIYUPNHGgzDTsg1fUwhms=,pxcD9DOuYxuCgRfLZITFWoJGpJs=
21,-8,rN2nf1qIYUPNHGgzDTsg1fUwhms=,1GDVNCULfUqGk33G8db48Sxajgs=
19,-13,rN2nf1qIYUPNHGgzDTsg1fUwhms=,pxcD9DOuYxuCgRfLZITFWoJGpJs=
24,-16,rN2nf1qIYUPNHGgzDTsg1fUwhms=,9WS2RW+RXT5zKUomBQ1Oih3PSRY=
20,-8,rN2nf1qIYUPNHGgzDTsg1fUwhms=,1GDVNCULfUqGk33G8db48Sxajgs=
18,-12,rN2nf1qIYUPNHGgzDTsg1fUwhms=,pxcD9DOuYxuCgRfLZITFWoJGpJs=
18,-13,rN2nf1qIYUPNHGgzDTsg1fUwhms=,pxcD9DOuYxuCgRfLZITFWoJGpJs=
19,-8,rN2nf1qIYUPNHGgzDTsg1fUwhms=,1GDVNCULfUqGk33G8db48Sxajgs=
18,-8,rN2nf1qIYUPNHGgzDTsg1fUwhms=,1GDVNCULfUqGk33G8db48Sxajgs=
17,-8,rN2nf1qIYUPNHGgzDTsg1fUwhms=,1GDVNCULfUqGk33G8db48Sxajgs=
16,-8,rN2nf1qIYUPNHGgzDTsg1fUwhms=,1GDVNCULfUqGk33G8db48Sxajgs=
23,-9,rN2nf1qIYUPNHGgzDTsg1fUwhms=,pxcD9DOuYxuCgRfLZITFWoJGpJs=
17,-13,rN2nf1qIYUPNHGgzDTsg1fUwhms=,pxcD9DOuYxuCgRfLZITFWoJGpJs=
24,-11,rN2nf1qIYUPNHGgzDTsg1fUwhms=,9WS2RW+RXT5zKUomBQ1Oih3PSRY=
23,-14,rN2nf1qIYUPNHGgzDTsg1fUwhms=,pxcD9DOuYxuCgRfLZITFWoJGpJs=
22,-9,rN2nf1qIYUPNHGgzDTsg1fUwhms=,pxcD9DOuYxuCgRfLZITFWoJGpJs=
16,-13,rN2nf1qIYUPNHGgzDTsg1fUwhms=,pxcD9DOuYxuCgRfLZITFWoJGpJs=
21,-9,rN2nf1qIYUPNHGgzDTsg1fUwhms=,pxcD9DOuYxuCgRfLZITFWoJGpJs=
22,-14,rN2nf1qIYUPNHGgzDTsg1fUwhms=,pxcD9DOuYxuCgRfLZITFWoJGpJs=
20,-9,rN2nf1qIYUPNHGgzDTsg1fUwhms=,pxcD9DOuYxuCgRfLZITFWoJGpJs=
19,-9,rN2nf1qIYUPNHGgzDTsg1fUwhms=,pxcD9DOuYxuCgRfLZITFWoJGpJs=
18,-9,rN2nf1qIYUPNHGgzDTsg1fUwhms=,pxcD9DOuYxuCgRfLZITFWoJGpJs=
21,-14,rN2nf1qIYUPNHGgzDTsg1fUwhms=,pxcD9DOuYxuCgRfLZITFWoJGpJs=
20,-14,rN2nf1qIYUPNHGgzDTsg1fUwhms=,pxcD9DOuYxuCgRfLZITFWoJGpJs=
17,-9,rN2nf1qIYUPNHGgzDTsg1fUwhms=,pxcD9DOuYxuCgRfLZITFWoJGpJs=
22,-10,rN2nf1qIYUPNHGgzDTsg1fUwhms=,pxcD9DOuYxuCgRfLZITFWoJGpJs=
16,-9,rN2nf1qIYUPNHGgzDTsg1fUwhms=,pxcD9DOuYxuCgRfLZITFWoJGpJs=
21,-10,rN2nf1qIYUPNHGgzDTsg1fUwhms=,pxcD9DOuYxuCgRfLZITFWoJGpJs=
19,-14,rN2nf1qIYUPNHGgzDTsg1fUwhms=,pxcD9DOuYxuCgRfLZITFWoJGpJs=
18,-16,rN2nf1qIYUPNHGgzDTsg1fUwhms=,pxcD9DOuYxuCgRfLZITFWoJGpJs=
18,-14,rN2nf1qIYUPNHGgzDTsg1fUwhms=,pxcD9DOuYxuCgRfLZITFWoJGpJs=
17,-14,rN2nf1qIYUPNHGgzDTsg1fUwhms=,pxcD9DOuYxuCgRfLZITFWoJGpJs=
19,-16,rN2nf1qIYUPNHGgzDTsg1fUwhms=,pxcD9DOuYxuCgRfLZITFWoJGpJs=
20,-16,rN2nf1qIYUPNHGgzDTsg1fUwhms=,pxcD9DOuYxuCgRfLZITFWoJGpJs=
21,-16,rN2nf1qIYUPNHGgzDTsg1fUwhms=,pxcD9DOuYxuCgRfLZITFWoJGpJs=
20,-10,rN2nf1qIYUPNHGgzDTsg1fUwhms=,pxcD9DOuYxuCgRfLZITFWoJGpJs=
22,-16,rN2nf1qIYUPNHGgzDTsg1fUwhms=,pxcD9DOuYxuCgRfLZITFWoJGpJs=
23,-16,rN2nf1qIYUPNHGgzDTsg1fUwhms=,pxcD9DOuYxuCgRfLZITFWoJGpJs=
23,-10,rN2nf1qIYUPNHGgzDTsg1fUwhms=,pxcD9DOuYxuCgRfLZITFWoJGpJs=
23,-15,rN2nf1qIYUPNHGgzDTsg1fUwhms=,pxcD9DOuYxuCgRfLZITFWoJGpJs=
24,-12,rN2nf1qIYUPNHGgzDTsg1fUwhms=,9WS2RW+RXT5zKUomBQ1Oih3PSRY=
22,-15,rN2nf1qIYUPNHGgzDTsg1fUwhms=,pxcD9DOuYxuCgRfLZITFWoJGpJs=
19,-10,rN2nf1qIYUPNHGgzDTsg1fUwhms=,pxcD9DOuYxuCgRfLZITFWoJGpJs=
16,-15,rN2nf1qIYUPNHGgzDTsg1fUwhms=,pxcD9DOuYxuCgRfLZITFWoJGpJs=
18,-10,rN2nf1qIYUPNHGgzDTsg1fUwhms=,pxcD9DOuYxuCgRfLZITFWoJGpJs=
16,-14,rN2nf1qIYUPNHGgzDTsg1fUwhms=,pxcD9DOuYxuCgRfLZITFWoJGpJs=
21,-15,rN2nf1qIYUPNHGgzDTsg1fUwhms=,pxcD9DOuYxuCgRfLZITFWoJGpJs=
17,-10,rN2nf1qIYUPNHGgzDTsg1fUwhms=,pxcD9DOuYxuCgRfLZITFWoJGpJs=
20,-15,rN2nf1qIYUPNHGgzDTsg1fUwhms=,pxcD9DOuYxuCgRfLZITFWoJGpJs=
19,-15,rN2nf1qIYUPNHGgzDTsg1fUwhms=,pxcD9DOuYxuCgRfLZITFWoJGpJs=
20,-11,rN2nf1qIYUPNHGgzDTsg1fUwhms=,pxcD9DOuYxuCgRfLZITFWoJGpJs=
23,-11,rN2nf1qIYUPNHGgzDTsg1fUwhms=,pxcD9DOuYxuCgRfLZITFWoJGpJs=
16,-10,rN2nf1qIYUPNHGgzDTsg1fUwhms=,pxcD9DOuYxuCgRfLZITFWoJGpJs=
22,-11,rN2nf1qIYUPNHGgzDTsg1fUwhms=,pxcD9DOuYxuCgRfLZITFWoJGpJs=
21,-11,rN2nf1qIYUPNHGgzDTsg1fUwhms=,pxcD9DOuYxuCgRfLZITFWoJGpJs=
17,-15,rN2nf1qIYUPNHGgzDTsg1fUwhms=,pxcD9DOuYxuCgRfLZITFWoJGpJs=
18,-15,rN2nf1qIYUPNHGgzDTsg1fUwhms=,pxcD9DOuYxuCgRfLZITFWoJGpJs=
27,-23,rN2nf1qIYUPNHGgzDTsg1fUwhms=,2nc9c26DrU6Yidk1R53yafpfmfA=
27,-22,rN2nf1qIYUPNHGgzDTsg1fUwhms=,2nc9c26DrU6Yidk1R53yafpfmfA=
29,-18,rN2nf1qIYUPNHGgzDTsg1fUwhms=,2nc9c26DrU6Yidk1R53yafpfmfA=
28,-23,rN2nf1qIYUPNHGgzDTsg1fUwhms=,2nc9c26DrU6Yidk1R53yafpfmfA=
27,-17,rN2nf1qIYUPNHGgzDTsg1fUwhms=,2nc9c26DrU6Yidk1R53yafpfmfA=
26,-22,rN2nf1qIYUPNHGgzDTsg1fUwhms=,2nc9c26DrU6Yidk1R53yafpfmfA=
28,-17,rN2nf1qIYUPNHGgzDTsg1fUwhms=,2nc9c26DrU6Yidk1R53yafpfmfA=
28,-18,rN2nf1qIYUPNHGgzDTsg1fUwhms=,2nc9c26DrU6Yidk1R53yafpfmfA=
25,-24,rN2nf1qIYUPNHGgzDTsg1fUwhms=,2nc9c26DrU6Yidk1R53yafpfmfA=
26,-18,rN2nf1qIYUPNHGgzDTsg1fUwhms=,2nc9c26DrU6Yidk1R53yafpfmfA=
27,-18,rN2nf1qIYUPNHGgzDTsg1fUwhms=,2nc9c26DrU6Yidk1R53yafpfmfA=
28,-22,rN2nf1qIYUPNHGgzDTsg1fUwhms=,2nc9c26DrU6Yidk1R53yafpfmfA=
25,-18,rN2nf1qIYUPNHGgzDTsg1fUwhms=,2nc9c26DrU6Yidk1R53yafpfmfA=
27,-24,rN2nf1qIYUPNHGgzDTsg1fUwhms=,2nc9c26DrU6Yidk1R53yafpfmfA=
30,-20,rN2nf1qIYUPNHGgzDTsg1fUwhms=,2nc9c26DrU6Yidk1R53yafpfmfA=
30,-22,rN2nf1qIYUPNHGgzDTsg1fUwhms=,2nc9c26DrU6Yidk1R53yafpfmfA=
29,-22,rN2nf1qIYUPNHGgzDTsg1fUwhms=,2nc9c26DrU6Yidk1R53yafpfmfA=
30,-19,rN2nf1qIYUPNHGgzDTsg1fUwhms=,2nc9c26DrU6Yidk1R53yafpfmfA=
26,-17,rN2nf1qIYUPNHGgzDTsg1fUwhms=,2nc9c26DrU6Yidk1R53yafpfmfA=
29,-19,rN2nf1qIYUPNHGgzDTsg1fUwhms=,2nc9c26DrU6Yidk1R53yafpfmfA=
29,-20,rN2nf1qIYUPNHGgzDTsg1fUwhms=,2nc9c26DrU6Yidk1R53yafpfmfA=
25,-21,rN2nf1qIYUPNHGgzDTsg1fUwhms=,2nc9c26DrU6Yidk1R53yafpfmfA=
28,-20,rN2nf1qIYUPNHGgzDTsg1fUwhms=,2nc9c26DrU6Yidk1R53yafpfmfA=
28,-19,rN2nf1qIYUPNHGgzDTsg1fUwhms=,2nc9c26DrU6Yidk1R53yafpfmfA=
26,-24,rN2nf1qIYUPNHGgzDTsg1fUwhms=,2nc9c26DrU6Yidk1R53yafpfmfA=
25,-20,rN2nf1qIYUPNHGgzDTsg1fUwhms=,2nc9c26DrU6Yidk1R53yafpfmfA=
26,-21,rN2nf1qIYUPNHGgzDTsg1fUwhms=,2nc9c26DrU6Yidk1R53yafpfmfA=
25,-22,rN2nf1qIYUPNHGgzDTsg1fUwhms=,2nc9c26DrU6Yidk1R53yafpfmfA=
30,-18,rN2nf1qIYUPNHGgzDTsg1fUwhms=,2nc9c26DrU6Yidk1R53yafpfmfA=
27,-21,rN2nf1qIYUPNHGgzDTsg1fUwhms=,2nc9c26DrU6Yidk1R53yafpfmfA=
27,-19,rN2nf1qIYUPNHGgzDTsg1fUwhms=,2nc9c26DrU6Yidk1R53yafpfmfA=
30,-21,rN2nf1qIYUPNHGgzDTsg1fUwhms=,2nc9c26DrU6Yidk1R53yafpfmfA=
28,-21,rN2nf1qIYUPNHGgzDTsg1fUwhms=,2nc9c26DrU6Yidk1R53yafpfmfA=
29,-17,rN2nf1qIYUPNHGgzDTsg1fUwhms=,2nc9c26DrU6Yidk1R53yafpfmfA=
30,-17,rN2nf1qIYUPNHGgzDTsg1fUwhms=,2nc9c26DrU6Yidk1R53yafpfmfA=
26,-19,rN2nf1qIYUPNHGgzDTsg1fUwhms=,2nc9c26DrU6Yidk1R53yafpfmfA=
26,-23,rN2nf1qIYUPNHGgzDTsg1fUwhms=,2nc9c26DrU6Yidk1R53yafpfmfA=
29,-23,rN2nf1qIYUPNHGgzDTsg1fUwhms=,2nc9c26DrU6Yidk1R53yafpfmfA=
29,-21,rN2nf1qIYUPNHGgzDTsg1fUwhms=,2nc9c26DrU6Yidk1R53yafpfmfA=
30,-24,rN2nf1qIYUPNHGgzDTsg1fUwhms=,2nc9c26DrU6Yidk1R53yafpfmfA=
27,-20,rN2nf1qIYUPNHGgzDTsg1fUwhms=,2nc9c26DrU6Yidk1R53yafpfmfA=
25,-23,rN2nf1qIYUPNHGgzDTsg1fUwhms=,2nc9c26DrU6Yidk1R53yafpfmfA=
28,-24,rN2nf1qIYUPNHGgzDTsg1fUwhms=,2nc9c26DrU6Yidk1R53yafpfmfA=
25,-17,rN2nf1qIYUPNHGgzDTsg1fUwhms=,2nc9c26DrU6Yidk1R53yafpfmfA=
25,-19,rN2nf1qIYUPNHGgzDTsg1fUwhms=,2nc9c26DrU6Yidk1R53yafpfmfA=
26,-20,rN2nf1qIYUPNHGgzDTsg1fUwhms=,2nc9c26DrU6Yidk1R53yafpfmfA=
29,-24,rN2nf1qIYUPNHGgzDTsg1fUwhms=,2nc9c26DrU6Yidk1R53yafpfmfA=
30,-23,rN2nf1qIYUPNHGgzDTsg1fUwhms=,2nc9c26DrU6Yidk1R53yafpfmfA=
31,-19,rN2nf1qIYUPNHGgzDTsg1fUwhms=,2nc9c26DrU6Yidk1R53yafpfmfA=
31,-21,rN2nf1qIYUPNHGgzDTsg1fUwhms=,2nc9c26DrU6Yidk1R53yafpfmfA=
31,-22,rN2nf1qIYUPNHGgzDTsg1fUwhms=,2nc9c26DrU6Yidk1R53yafpfmfA=
31,-20,rN2nf1qIYUPNHGgzDTsg1fUwhms=,2nc9c26DrU6Yidk1R53yafpfmfA=
31,-23,rN2nf1qIYUPNHGgzDTsg1fUwhms=,2nc9c26DrU6Yidk1R53yafpfmfA=
31,-24,rN2nf1qIYUPNHGgzDTsg1fUwhms=,2nc9c26DrU6Yidk1R53yafpfmfA=
31,-18,rN2nf1qIYUPNHGgzDTsg1fUwhms=,2nc9c26DrU6Yidk1R53yafpfmfA=
31,-17,rN2nf1qIYUPNHGgzDTsg1fUwhms=,2nc9c26DrU6Yidk1R53yafpfmfA=
20,-17,DMTLd3Ma3dBWouu7oOkTLGNL/e0=,yo0jRBvnC8KFnw1tN+EAFwlA6W0=
21,-17,DMTLd3Ma3dBWouu7oOkTLGNL/e0=,yo0jRBvnC8KFnw1tN+EAFwlA6W0=
19,-17,DMTLd3Ma3dBWouu7oOkTLGNL/e0=,yo0jRBvnC8KFnw1tN+EAFwlA6W0=
22,-17,DMTLd3Ma3dBWouu7oOkTLGNL/e0=,yo0jRBvnC8KFnw1tN+EAFwlA6W0=
22,-18,DMTLd3Ma3dBWouu7oOkTLGNL/e0=,yo0jRBvnC8KFnw1tN+EAFwlA6W0=
23,-18,DMTLd3Ma3dBWouu7oOkTLGNL/e0=,yo0jRBvnC8KFnw1tN+EAFwlA6W0=
24,-21,DMTLd3Ma3dBWouu7oOkTLGNL/e0=,2nc9c26DrU6Yidk1R53yafpfmfA=
16,-24,DMTLd3Ma3dBWouu7oOkTLGNL/e0=,yo0jRBvnC8KFnw1tN+EAFwlA6W0=
21,-18,DMTLd3Ma3dBWouu7oOkTLGNL/e0=,yo0jRBvnC8KFnw1tN+EAFwlA6W0=
17,-24,DMTLd3Ma3dBWouu7oOkTLGNL/e0=,yo0jRBvnC8KFnw1tN+EAFwlA6W0=
23,-17,DMTLd3Ma3dBWouu7oOkTLGNL/e0=,yo0jRBvnC8KFnw1tN+EAFwlA6W0=
20,-18,DMTLd3Ma3dBWouu7oOkTLGNL/e0=,yo0jRBvnC8KFnw1tN+EAFwlA6W0=
18,-24,DMTLd3Ma3dBWouu7oOkTLGNL/e0=,yo0jRBvnC8KFnw1tN+EAFwlA6W0=
24,-18,DMTLd3Ma3dBWouu7oOkTLGNL/e0=,2nc9c26DrU6Yidk1R53yafpfmfA=
19,-18,DMTLd3Ma3dBWouu7oOkTLGNL/e0=,yo0jRBvnC8KFnw1tN+EAFwlA6W0=
19,-24,DMTLd3Ma3dBWouu7oOkTLGNL/e0=,yo0jRBvnC8KFnw1tN+EAFwlA6W0=
18,-18,DMTLd3Ma3dBWouu7oOkTLGNL/e0=,yo0jRBvnC8KFnw1tN+EAFwlA6W0=
20,-24,DMTLd3Ma3dBWouu7oOkTLGNL/e0=,yo0jRBvnC8KFnw1tN+EAFwlA6W0=
17,-18,DMTLd3Ma3dBWouu7oOkTLGNL/e0=,yo0jRBvnC8KFnw1tN+EAFwlA6W0=
21,-24,DMTLd3Ma3dBWouu7oOkTLGNL/e0=,yo0jRBvnC8KFnw1tN+EAFwlA6W0=
22,-24,DMTLd3Ma3dBWouu7oOkTLGNL/e0=,yo0jRBvnC8KFnw1tN+EAFwlA6W0=
23,-19,DMTLd3Ma3dBWouu7oOkTLGNL/e0=,yo0jRBvnC8KFnw1tN+EAFwlA6W0=
23,-24,DMTLd3Ma3dBWouu7oOkTLGNL/e0=,yo0jRBvnC8KFnw1tN+EAFwlA6W0=
16,-18,DMTLd3Ma3dBWouu7oOkTLGNL/e0=,yo0jRBvnC8KFnw1tN+EAFwlA6W0=
22,-19,DMTLd3Ma3dBWouu7oOkTLGNL/e0=,yo0jRBvnC8KFnw1tN+EAFwlA6W0=
21,-19,DMTLd3Ma3dBWouu7oOkTLGNL/e0=,yo0jRBvnC8KFnw1tN+EAFwlA6W0=
16,-23,DMTLd3Ma3dBWouu7oOkTLGNL/e0=,yo0jRBvnC8KFnw1tN+EAFwlA6W0=
20,-19,DMTLd3Ma3dBWouu7oOkTLGNL/e0=,yo0jRBvnC8KFnw1tN+EAFwlA6W0=
24,-19,DMTLd3Ma3dBWouu7oOkTLGNL/e0=,2nc9c26DrU6Yidk1R53yafpfmfA=
19,-19,DMTLd3Ma3dBWouu7oOkTLGNL/e0=,yo0jRBvnC8KFnw1tN+EAFwlA6W0=
24,-17,DMTLd3Ma3dBWouu7oOkTLGNL/e0=,2nc9c26DrU6Yidk1R53yafpfmfA=
18,-19,DMTLd3Ma3dBWouu7oOkTLGNL/e0=,yo0jRBvnC8KFnw1tN+EAFwlA6W0=
17,-19,DMTLd3Ma3dBWouu7oOkTLGNL/e0=,yo0jRBvnC8KFnw1tN+EAFwlA6W0=
17,-23,DMTLd3Ma3dBWouu7oOkTLGNL/e0=,yo0jRBvnC8KFnw1tN+EAFwlA6W0=
16,-19,DMTLd3Ma3dBWouu7oOkTLGNL/e0=,yo0jRBvnC8KFnw1tN+EAFwlA6W0=
18,-23,DMTLd3Ma3dBWouu7oOkTLGNL/e0=,yo0jRBvnC8KFnw1tN+EAFwlA6W0=
23,-20,DMTLd3Ma3dBWouu7oOkTLGNL/e0=,yo0jRBvnC8KFnw1tN+EAFwlA6W0=
19,-23,DMTLd3Ma3dBWouu7oOkTLGNL/e0=,yo0jRBvnC8KFnw1tN+EAFwlA6W0=
22,-20,DMTLd3Ma3dBWouu7oOkTLGNL/e0=,yo0jRBvnC8KFnw1tN+EAFwlA6W0=
20,-23,DMTLd3Ma3dBWouu7oOkTLGNL/e0=,yo0jRBvnC8KFnw1tN+EAFwlA6W0=
21,-20,DMTLd3Ma3dBWouu7oOkTLGNL/e0=,yo0jRBvnC8KFnw1tN+EAFwlA6W0=
20,-20,DMTLd3Ma3dBWouu7oOkTLGNL/e0=,yo0jRBvnC8KFnw1tN+EAFwlA6W0=
21,-23,DMTLd3Ma3dBWouu7oOkTLGNL/e0=,yo0jRBvnC8KFnw1tN+EAFwlA6W0=
24,-20,DMTLd3Ma3dBWouu7oOkTLGNL/e0=,2nc9c26DrU6Yidk1R53yafpfmfA=
22,-23,DMTLd3Ma3dBWouu7oOkTLGNL/e0=,yo0jRBvnC8KFnw1tN+EAFwlA6W0=
19,-20,DMTLd3Ma3dBWouu7oOkTLGNL/e0=,yo0jRBvnC8KFnw1tN+EAFwlA6W0=
23,-23,DMTLd3Ma3dBWouu7oOkTLGNL/e0=,yo0jRBvnC8KFnw1tN+EAFwlA6W0=
18,-20,DMTLd3Ma3dBWouu7oOkTLGNL/e0=,yo0jRBvnC8KFnw1tN+EAFwlA6W0=
16,-22,DMTLd3Ma3dBWouu7oOkTLGNL/e0=,yo0jRBvnC8KFnw1tN+EAFwlA6W0=
17,-22,DMTLd3Ma3dBWouu7oOkTLGNL/e0=,yo0jRBvnC8KFnw1tN+EAFwlA6W0=
17,-20,DMTLd3Ma3dBWouu7oOkTLGNL/e0=,yo0jRBvnC8KFnw1tN+EAFwlA6W0=
16,-20,DMTLd3Ma3dBWouu7oOkTLGNL/e0=,yo0jRBvnC8KFnw1tN+EAFwlA6W0=
23,-21,DMTLd3Ma3dBWouu7oOkTLGNL/e0=,yo0jRBvnC8KFnw1tN+EAFwlA6W0=
18,-22,DMTLd3Ma3dBWouu7oOkTLGNL/e0=,yo0jRBvnC8KFnw1tN+EAFwlA6W0=
24,-24,DMTLd3Ma3dBWouu7oOkTLGNL/e0=,2nc9c26DrU6Yidk1R53yafpfmfA=
19,-22,DMTLd3Ma3dBWouu7oOkTLGNL/e0=,yo0jRBvnC8KFnw1tN+EAFwlA6W0=
22,-21,DMTLd3Ma3dBWouu7oOkTLGNL/e0=,yo0jRBvnC8KFnw1tN+EAFwlA6W0=
20,-22,DMTLd3Ma3dBWouu7oOkTLGNL/e0=,yo0jRBvnC8KFnw1tN+EAFwlA6W0=
24,-23,DMTLd3Ma3dBWouu7oOkTLGNL/e0=,2nc9c26DrU6Yidk1R53yafpfmfA=
21,-22,DMTLd3Ma3dBWouu7oOkTLGNL/e0=,yo0jRBvnC8KFnw1tN+EAFwlA6W0=
21,-21,DMTLd3Ma3dBWouu7oOkTLGNL/e0=,yo0jRBvnC8KFnw1tN+EAFwlA6W0=
20,-21,DMTLd3Ma3dBWouu7oOkTLGNL/e0=,yo0jRBvnC8KFnw1tN+EAFwlA6W0=
22,-22,DMTLd3Ma3dBWouu7oOkTLGNL/e0=,yo0jRBvnC8KFnw1tN+EAFwlA6W0=
19,-21,DMTLd3Ma3dBWouu7oOkTLGNL/e0=,yo0jRBvnC8KFnw1tN+EAFwlA6W0=
23,-22,DMTLd3Ma3dBWouu7oOkTLGNL/e0=,yo0jRBvnC8KFnw1tN+EAFwlA6W0=
18,-21,DMTLd3Ma3dBWouu7oOkTLGNL/e0=,yo0jRBvnC8KFnw1tN+EAFwlA6W0=
24,-22,DMTLd3Ma3dBWouu7oOkTLGNL/e0=,2nc9c26DrU6Yidk1R53yafpfmfA=
16,-21,DMTLd3Ma3dBWouu7oOkTLGNL/e0=,yo0jRBvnC8KFnw1tN+EAFwlA6W0=
17,-21,DMTLd3Ma3dBWouu7oOkTLGNL/e0=,yo0jRBvnC8KFnw1tN+EAFwlA6W0=
18,-17,DMTLd3Ma3dBWouu7oOkTLGNL/e0=,yo0jRBvnC8KFnw1tN+EAFwlA6W0=
17,-17,DMTLd3Ma3dBWouu7oOkTLGNL/e0=,yo0jRBvnC8KFnw1tN+EAFwlA6W0=
16,-17,DMTLd3Ma3dBWouu7oOkTLGNL/e0=,yo0jRBvnC8KFnw1tN+EAFwlA6W0=
