3,3,E1cvTU/YIo8k6mu22weY9JpItm4=,mFxOkk5GJGUxualsyQFoxsQ4u5s=
1,5,E1cvTU/YIo8k6mu22weY9JpItm4=,mFxOkk5GJGUxualsyQFoxsQ4u5s=
3,5,E1cvTU/YIo8k6mu22weY9JpItm4=,mFxOkk5GJGUxualsyQFoxsQ4u5s=
4,1,E1cvTU/YIo8k6mu22weY9JpItm4=,mFxOkk5GJGUxualsyQFoxsQ4u5s=
6,2,E1cvTU/YIo8k6mu22weY9JpItm4=,mFxOkk5GJGUxualsyQFoxsQ4u5s=
2,5,E1cvTU/YIo8k6mu22weY9JpItm4=,mFxOkk5GJGUxualsyQFoxsQ4u5s=
3,1,E1cvTU/YIo8k6mu22weY9JpItm4=,mFxOkk5GJGUxualsyQFoxsQ4u5s=
6,6,E1cvTU/YIo8k6mu22weY9JpItm4=,mFxOkk5GJGUxualsyQFoxsQ4u5s=
5,2,E1cvTU/YIo8k6mu22weY9JpItm4=,mFxOkk5GJGUxualsyQFoxsQ4u5s=
5,4,E1cvTU/YIo8k6mu22weY9JpItm4=,mFxOkk5GJGUxualsyQFoxsQ4u5s=
2,1,E1cvTU/YIo8k6mu22weY9JpItm4=,mFxOkk5GJGUxualsyQFoxsQ4u5s=
5,6,E1cvTU/YIo8k6mu22weY9JpItm4=,mFxOkk5GJGUxualsyQFoxsQ4u5s=
4,3,E1cvTU/YIo8k6mu22weY9JpItm4=,mFxOkk5GJGUxualsyQFoxsQ4u5s=
4,6,E1cvTU/YIo8k6mu22weY9JpItm4=,mFxOkk5GJGUxualsyQFoxsQ4u5s=
5,1,E1cvTU/YIo8k6mu22weY9JpItm4=,mFxOkk5GJGUxualsyQFoxsQ4u5s=
2,3,E1cvTU/YIo8k6mu22weY9JpItm4=,mFxOkk5GJGUxualsyQFoxsQ4u5s=
2,2,E1cvTU/YIo8k6mu22weY9JpItm4=,mFxOkk5GJGUxualsyQFoxsQ4u5s=
4,2,E1cvTU/YIo8k6mu22weY9JpItm4=,mFxOkk5GJGUxualsyQFoxsQ4u5s=
5,3,E1cvTU/YIo8k6mu22weY9JpItm4=,mFxOkk5GJGUxualsyQFoxsQ4u5s=
4,4,E1cvTU/YIo8k6mu22weY9JpItm4=,mFxOkk5GJGUxualsyQFoxsQ4u5s=
3,6,E1cvTU/YIo8k6mu22weY9JpItm4=,mFxOkk5GJGUxualsyQFoxsQ4u5s=
2,6,E1cvTU/YIo8k6mu22weY9JpItm4=,mFxOkk5GJGUxualsyQFoxsQ4u5s=
6,3,E1cvTU/YIo8k6mu22weY9JpItm4=,mFxOkk5GJGUxualsyQFoxsQ4u5s=
1,6,E1cvTU/YIo8k6mu22weY9JpItm4=,mFxOkk5GJGUxualsyQFoxsQ4u5s=
3,2,E1cvTU/YIo8k6mu22weY9JpItm4=,mFxOkk5GJGUxualsyQFoxsQ4u5s=
1,3,E1cvTU/YIo8k6mu22weY9JpItm4=,mFxOkk5GJGUxualsyQFoxsQ4u5s=
3,4,E1cvTU/YIo8k6mu22weY9JpItm4=,mFxOkk5GJGUxualsyQFoxsQ4u5s=
4,5,E1cvTU/YIo8k6mu22weY9JpItm4=,mFxOkk5GJGUxualsyQFoxsQ4u5s=
6,4,E1cvTU/YIo8k6mu22weY9JpItm4=,mFxOkk5GJGUxualsyQFoxsQ4u5s=
6,1,E1cvTU/YIo8k6mu22weY9JpItm4=,mFxOkk5GJGUxualsyQFoxsQ4u5s=
6,5,E1cvTU/YIo8k6mu22weY9JpItm4=,mFxOkk5GJGUxualsyQFoxsQ4u5s=
1,1,E1cvTU/YIo8k6mu22weY9JpItm4=,mFxOkk5GJGUxualsyQFoxsQ4u5s=
2,4,E1cvTU/YIo8k6mu22weY9JpItm4=,mFxOkk5GJGUxualsyQFoxsQ4u5s=
1,4,E1cvTU/YIo8k6mu22weY9JpItm4=,mFxOkk5GJGUxualsyQFoxsQ4u5s=
5,5,E1cvTU/YIo8k6mu22weY9JpItm4=,mFxOkk5GJGUxualsyQFoxsQ4u5s=
1,2,E1cvTU/YIo8k6mu22weY9JpItm4=,mFxOkk5GJGUxualsyQFoxsQ4u5s=
0,5,E1cvTU/YIo8k6mu22weY9JpItm4=,mFxOkk5GJGUxualsyQFoxsQ4u5s=
0,6,E1cvTU/YIo8k6mu22weY9JpItm4=,mFxOkk5GJGUxualsyQFoxsQ4u5s=
0,2,E1cvTU/YIo8k6mu22weY9JpItm4=,mFxOkk5GJGUxualsyQFoxsQ4u5s=
0,4,E1cvTU/YIo8k6mu22weY9JpItm4=,mFxOkk5GJGUxualsyQFoxsQ4u5s=
0,3,E1cvTU/YIo8k6mu22weY9JpItm4=,mFxOkk5GJGUxualsyQFoxsQ4u5s=
0,1,E1cvTU/YIo8k6mu22weY9JpItm4=,mFxOkk5GJGUxualsyQFoxsQ4u5s=
3,0,E1cvTU/YIo8k6mu22weY9JpItm4=,mFxOkk5GJGUxualsyQFoxsQ4u5s=
5,0,E1cvTU/YIo8k6mu22weY9JpItm4=,mFxOkk5GJGUxualsyQFoxsQ4u5s=
6,0,E1cvTU/YIo8k6mu22weY9JpItm4=,mFxOkk5GJGUxualsyQFoxsQ4u5s=
2,0,E1cvTU/YIo8k6mu22weY9JpItm4=,mFxOkk5GJGUxualsyQFoxsQ4u5s=
4,0,E1cvTU/YIo8k6mu22weY9JpItm4=,mFxOkk5GJGUxualsyQFoxsQ4u5s=
1,0,E1cvTU/YIo8k6mu22weY9JpItm4=,mFxOkk5GJGUxualsyQFoxsQ4u5s=
0,0,E1cvTU/YIo8k6mu22weY9JpItm4=,mFxOkk5GJGUxualsyQFoxsQ4u5s=
10,15,gJW7sFlJVN7658k3DCuayGegu9U=,o2ru5WuL25mltmNzmjtAUY+Vg/I=
9,9,gJW7sFlJVN7658k3DCuayGegu9U=,o2ru5WuL25mltmNzmjtAUY+Vg/I=
15,14,gJW7sFlJVN7658k3DCuayGegu9U=,o2ru5WuL25mltmNzmjtAUY+Vg/I=
11,15,gJW7sFlJVN7658k3DCuayGegu9U=,o2ru5WuL25mltmNzmjtAUY+Vg/I=
14,14,gJW7sFlJVN7658k3DCuayGegu9U=,o2ru5WuL25mltmNzmjtAUY+Vg/I=
9,15,gJW7sFlJVN7658k3DCuayGegu9U=,o2ru5WuL25mltmNzmjtAUY+Vg/I=
10,9,gJW7sFlJVN7658k3DCuayGegu9U=,o2ru5WuL25mltmNzmjtAUY+Vg/I=
13,14,gJW7sFlJVN7658k3DCuayGegu9U=,o2ru5WuL25mltmNzmjtAUY+Vg/I=
11,14,gJW7sFlJVN7658k3DCuayGegu9U=,o2ru5WuL25mltmNzmjtAUY+Vg/I=
10,14,gJW7sFlJVN7658k3DCuayGegu9U=,o2ru5WuL25mltmNzmjtAUY+Vg/I=
12,14,gJW7sFlJVN7658k3DCuayGegu9U=,o2ru5WuL25mltmNzmjtAUY+Vg/I=
9,14,gJW7sFlJVN7658k3DCuayGegu9U=,o2ru5WuL25mltmNzmjtAUY+Vg/I=
11,10,gJW7sFlJVN7658k3DCuayGegu9U=,o2ru5WuL25mltmNzmjtAUY+Vg/I=
11,9,gJW7sFlJVN7658k3DCuayGegu9U=,o2ru5WuL25mltmNzmjtAUY+Vg/I=
9,10,gJW7sFlJVN7658k3DCuayGegu9U=,o2ru5WuL25mltmNzmjtAUY+Vg/I=
10,10,gJW7sFlJVN7658k3DCuayGegu9U=,o2ru5WuL25mltmNzmjtAUY+Vg/I=
11,13,gJW7sFlJVN7658k3DCuayGegu9U=,o2ru5WuL25mltmNzmjtAUY+Vg/I=
11,12,gJW7sFlJVN7658k3DCuayGegu9U=,o2ru5WuL25mltmNzmjtAUY+Vg/I=
15,13,gJW7sFlJVN7658k3DCuayGegu9U=,o2ru5WuL25mltmNzmjtAUY+Vg/I=
12,9,gJW7sFlJVN7658k3DCuayGegu9U=,o2ru5WuL25mltmNzmjtAUY+Vg/I=
13,13,gJW7sFlJVN7658k3DCuayGegu9U=,o2ru5WuL25mltmNzmjtAUY+Vg/I=
15,9,gJW7sFlJVN7658k3DCuayGegu9U=,o2ru5WuL25mltmNzmjtAUY+Vg/I=
10,13,gJW7sFlJVN7658k3DCuayGegu9U=,o2ru5WuL25mltmNzmjtAUY+Vg/I=
10,12,gJW7sFlJVN7658k3DCuayGegu9U=,o2ru5WuL25mltmNzmjtAUY+Vg/I=
14,9,gJW7sFlJVN7658k3DCuayGegu9U=,o2ru5WuL25mltmNzmjtAUY+Vg/I=
12,10,gJW7sFlJVN7658k3DCuayGegu9U=,o2ru5WuL25mltmNzmjtAUY+Vg/I=
9,13,gJW7sFlJVN7658k3DCuayGegu9U=,o2ru5WuL25mltmNzmjtAUY+Vg/I=
15,11,gJW7sFlJVN7658k3DCuayGegu9U=,o2ru5WuL25mltmNzmjtAUY+Vg/I=
9,12,gJW7sFlJVN7658k3DCuayGegu9U=,o2ru5WuL25mltmNzmjtAUY+Vg/I=
15,12,gJW7sFlJVN7658k3DCuayGegu9U=,o2ru5WuL25mltmNzmjtAUY+Vg/I=
14,11,gJW7sFlJVN7658k3DCuayGegu9U=,o2ru5WuL25mltmNzmjtAUY+Vg/I=
12,12,gJW7sFlJVN7658k3DCuayGegu9U=,o2ru5WuL25mltmNzmjtAUY+Vg/I=
13,11,gJW7sFlJVN7658k3DCuayGegu9U=,o2ru5WuL25mltmNzmjtAUY+Vg/I=
14,15,gJW7sFlJVN7658k3DCuayGegu9U=,o2ru5WuL25mltmNzmjtAUY+Vg/I=
15,15,gJW7sFlJVN7658k3DCuayGegu9U=,o2ru5WuL25mltmNzmjtAUY+Vg/I=
13,15,gJW7sFlJVN7658k3DCuayGegu9U=,o2ru5WuL25mltmNzmjtAUY+Vg/I=
12,11,gJW7sFlJVN7658k3DCuayGegu9U=,o2ru5WuL25mltmNzmjtAUY+Vg/I=
11,11,gJW7sFlJVN7658k3DCuayGegu9U=,o2ru5WuL25mltmNzmjtAUY+Vg/I=
9,11,gJW7sFlJVN7658k3DCuayGegu9U=,o2ru5WuL25mltmNzmjtAUY+Vg/I=
15,10,gJW7sFlJVN7658k3DCuayGegu9U=,o2ru5WuL25mltmNzmjtAUY+Vg/I=
10,11,gJW7sFlJVN7658k3DCuayGegu9U=,o2ru5WuL25mltmNzmjtAUY+Vg/I=
12,15,gJW7sFlJVN7658k3DCuayGegu9U=,o2ru5WuL25mltmNzmjtAUY+Vg/I=
12,13,gJW7sFlJVN7658k3DCuayGegu9U=,o2ru5WuL25mltmNzmjtAUY+Vg/I=
14,12,gJW7sFlJVN7658k3DCuayGegu9U=,o2ru5WuL25mltmNzmjtAUY+Vg/I=
13,9,gJW7sFlJVN7658k3DCuayGegu9U=,o2ru5WuL25mltmNzmjtAUY+Vg/I=
13,10,gJW7sFlJVN7658k3DCuayGegu9U=,o2ru5WuL25mltmNzmjtAUY+Vg/I=
13,12,gJW7sFlJVN7658k3DCuayGegu9U=,o2ru5WuL25mltmNzmjtAUY+Vg/I=
14,13,gJW7sFlJVN7658k3DCuayGegu9U=,o2ru5WuL25mltmNzmjtAUY+Vg/I=
10,2,gJW7sFlJVN7658k3DCuayGegu9U=,3vaEHqdRo0bqhnIqK7nCKtPS4VQ=
11,2,gJW7sFlJVN7658k3DCuayGegu9U=,3vaEHqdRo0bqhnIqK7nCKtPS4VQ=
11,3,gJW7sFlJVN7658k3DCuayGegu9U=,3vaEHqdRo0bqhnIqK7nCKtPS4VQ=
10,3,gJW7sFlJVN7658k3DCuayGegu9U=,3vaEHqdRo0bqhnIqK7nCKtPS4VQ=
9,2,gJW7sFlJVN7658k3DCuayGegu9U=,3vaEHqdRo0bqhnIqK7nCKtPS4VQ=
9,3,gJW7sFlJVN7658k3DCuayGegu9U=,3vaEHqdRo0bqhnIqK7nCKtPS4VQ=
8,3,gJW7sFlJVN7658k3DCuayGegu9U=,3vaEHqdRo0bqhnIqK7nCKtPS4VQ=
15,2,gJW7sFlJVN7658k3DCuayGegu9U=,3vaEHqdRo0bqhnIqK7nCKtPS4VQ=
11,4,gJW7sFlJVN7658k3DCuayGegu9U=,3vaEHqdRo0bqhnIqK7nCKtPS4VQ=
10,5,gJW7sFlJVN7658k3DCuayGegu9U=,3vaEHqdRo0bqhnIqK7nCKtPS4VQ=
11,1,gJW7sFlJVN7658k3DCuayGegu9U=,3vaEHqdRo0bqhnIqK7nCKtPS4VQ=
15,7,gJW7sFlJVN7658k3DCuayGegu9U=,3vaEHqdRo0bqhnIqK7nCKtPS4VQ=
10,1,gJW7sFlJVN7658k3DCuayGegu9U=,3vaEHqdRo0bqhnIqK7nCKtPS4VQ=
8,2,gJW7sFlJVN7658k3DCuayGegu9U=,3vaEHqdRo0bqhnIqK7nCKtPS4VQ=
14,7,gJW7sFlJVN7658k3DCuayGegu9U=,3vaEHqdRo0bqhnIqK7nCKtPS4VQ=
15,5,gJW7sFlJVN7658k3DCuayGegu9U=,3vaEHqdRo0bqhnIqK7nCKtPS4VQ=
11,5,gJW7sFlJVN7658k3DCuayGegu9U=,3vaEHqdRo0bqhnIqK7nCKtPS4VQ=
13,7,gJW7sFlJVN7658k3DCuayGegu9U=,3vaEHqdRo0bqhnIqK7nCKtPS4VQ=
9,5,gJW7sFlJVN7658k3DCuayGegu9U=,3vaEHqdRo0bqhnIqK7nCKtPS4VQ=
9,1,gJW7sFlJVN7658k3DCuayGegu9U=,3vaEHqdRo0bqhnIqK7nCKtPS4VQ=
12,7,gJW7sFlJVN7658k3DCuayGegu9U=,3vaEHqdRo0bqhnIqK7nCKtPS4VQ=
15,1,gJW7sFlJVN7658k3DCuayGegu9U=,3vaEHqdRo0bqhnIqK7nCKtPS4VQ=
11,8,gJW7sFlJVN7658k3DCuayGegu9U=,o2ru5WuL25mltmNzmjtAUY+Vg/I=
14,5,gJW7sFlJVN7658k3DCuayGegu9U=,3vaEHqdRo0bqhnIqK7nCKtPS4VQ=
14,2,gJW7sFlJVN7658k3DCuayGegu9U=,3vaEHqdRo0bqhnIqK7nCKtPS4VQ=
8,5,gJW7sFlJVN7658k3DCuayGegu9U=,3vaEHqdRo0bqhnIqK7nCKtPS4VQ=
10,8,gJW7sFlJVN7658k3DCuayGegu9U=,o2ru5WuL25mltmNzmjtAUY+Vg/I=
11,7,gJW7sFlJVN7658k3DCuayGegu9U=,3vaEHqdRo0bqhnIqK7nCKtPS4VQ=
7,3,gJW7sFlJVN7658k3DCuayGegu9U=,mFxOkk5GJGUxualsyQFoxsQ4u5s=
8,1,gJW7sFlJVN7658k3DCuayGegu9U=,3vaEHqdRo0bqhnIqK7nCKtPS4VQ=
10,7,gJW7sFlJVN7658k3DCuayGegu9U=,3vaEHqdRo0bqhnIqK7nCKtPS4VQ=
9,7,gJW7sFlJVN7658k3DCuayGegu9U=,3vaEHqdRo0bqhnIqK7nCKtPS4VQ=
15,0,gJW7sFlJVN7658k3DCuayGegu9U=,3vaEHqdRo0bqhnIqK7nCKtPS4VQ=
15,6,gJW7sFlJVN7658k3DCuayGegu9U=,3vaEHqdRo0bqhnIqK7nCKtPS4VQ=
9,4,gJW7sFlJVN7658k3DCuayGegu9U=,3vaEHqdRo0bqhnIqK7nCKtPS4VQ=
8,4,gJW7sFlJVN7658k3DCuayGegu9U=,3vaEHqdRo0bqhnIqK7nCKtPS4VQ=
14,6,gJW7sFlJVN7658k3DCuayGegu9U=,3vaEHqdRo0bqhnIqK7nCKtPS4VQ=
7,6,gJW7sFlJVN7658k3DCuayGegu9U=,mFxOkk5GJGUxualsyQFoxsQ4u5s=
14,10,gJW7sFlJVN7658k3DCuayGegu9U=,o2ru5WuL25mltmNzmjtAUY+Vg/I=
13,6,gJW7sFlJVN7658k3DCuayGegu9U=,3vaEHqdRo0bqhnIqK7nCKtPS4VQ=
9,8,gJW7sFlJVN7658k3DCuayGegu9U=,o2ru5WuL25mltmNzmjtAUY+Vg/I=
14,0,gJW7sFlJVN7658k3DCuayGegu9U=,3vaEHqdRo0bqhnIqK7nCKtPS4VQ=
12,6,gJW7sFlJVN7658k3DCuayGegu9U=,3vaEHqdRo0bqhnIqK7nCKtPS4VQ=
14,1,gJW7sFlJVN7658k3DCuayGegu9U=,3vaEHqdRo0bqhnIqK7nCKtPS4VQ=
13,0,gJW7sFlJVN7658k3DCuayGegu9U=,3vaEHqdRo0bqhnIqK7nCKtPS4VQ=
11,6,gJW7sFlJVN7658k3DCuayGegu9U=,3vaEHqdRo0bqhnIqK7nCKtPS4VQ=
15,3,gJW7sFlJVN7658k3DCuayGegu9U=,3vaEHqdRo0bqhnIqK7nCKtPS4VQ=
15,4,gJW7sFlJVN7658k3DCuayGegu9U=,3vaEHqdRo0bqhnIqK7nCKtPS4VQ=
10,6,gJW7sFlJVN7658k3DCuayGegu9U=,3vaEHqdRo0bqhnIqK7nCKtPS4VQ=
13,2,gJW7sFlJVN7658k3DCuayGegu9U=,3vaEHqdRo0bqhnIqK7nCKtPS4VQ=
12,0,gJW7sFlJVN7658k3DCuayGegu9U=,3vaEHqdRo0bqhnIqK7nCKtPS4VQ=
12,2,gJW7sFlJVN7658k3DCuayGegu9U=,3vaEHqdRo0bqhnIqK7nCKtPS4VQ=
14,4,gJW7sFlJVN7658k3DCuayGegu9U=,3vaEHqdRo0bqhnIqK7nCKtPS4VQ=
8,6,gJW7sFlJVN7658k3DCuayGegu9U=,3vaEHqdRo0bqhnIqK7nCKtPS4VQ=
13,5,gJW7sFlJVN7658k3DCuayGegu9U=,3vaEHqdRo0bqhnIqK7nCKtPS4VQ=
13,4,gJW7sFlJVN7658k3DCuayGegu9U=,3vaEHqdRo0bqhnIqK7nCKtPS4VQ=
11,0,gJW7sFlJVN7658k3DCuayGegu9U=,3vaEHqdRo0bqhnIqK7nCKtPS4VQ=
14,3,gJW7sFlJVN7658k3DCuayGegu9U=,3vaEHqdRo0bqhnIqK7nCKtPS4VQ=
12,8,gJW7sFlJVN7658k3DCuayGegu9U=,o2ru5WuL25mltmNzmjtAUY+Vg/I=
10,0,gJW7sFlJVN7658k3DCuayGegu9U=,3vaEHqdRo0bqhnIqK7nCKtPS4VQ=
9,0,gJW7sFlJVN7658k3DCuayGegu9U=,3vaEHqdRo0bqhnIqK7nCKtPS4VQ=
8,0,gJW7sFlJVN7658k3DCuayGegu9U=,3vaEHqdRo0bqhnIqK7nCKtPS4VQ=
13,8,gJW7sFlJVN7658k3DCuayGegu9U=,o2ru5WuL25mltmNzmjtAUY+Vg/I=
13,3,gJW7sFlJVN7658k3DCuayGegu9U=,3vaEHqdRo0bqhnIqK7nCKtPS4VQ=
7,5,gJW7sFlJVN7658k3DCuayGegu9U=,mFxOkk5GJGUxualsyQFoxsQ4u5s=
14,8,gJW7sFlJVN7658k3DCuayGegu9U=,o2ru5WuL25mltmNzmjtAUY+Vg/I=
12,3,gJW7sFlJVN7658k3DCuayGegu9U=,3vaEHqdRo0bqhnIqK7nCKtPS4VQ=
7,1,gJW7sFlJVN7658k3DCuayGegu9U=,mFxOkk5GJGUxualsyQFoxsQ4u5s=
7,4,gJW7sFlJVN7658k3DCuayGegu9U=,mFxOkk5GJGUxualsyQFoxsQ4u5s=
12,4,gJW7sFlJVN7658k3DCuayGegu9U=,3vaEHqdRo0bqhnIqK7nCKtPS4VQ=
15,8,gJW7sFlJVN7658k3DCuayGegu9U=,o2ru5WuL25mltmNzmjtAUY+Vg/I=
12,5,gJW7sFlJVN7658k3DCuayGegu9U=,3vaEHqdRo0bqhnIqK7nCKtPS4VQ=
13,1,gJW7sFlJVN7658k3DCuayGegu9U=,3vaEHqdRo0bqhnIqK7nCKtPS4VQ=
12,1,gJW7sFlJVN7658k3DCuayGegu9U=,3vaEHqdRo0bqhnIqK7nCKtPS4VQ=
7,0,gJW7sFlJVN7658k3DCuayGegu9U=,mFxOkk5GJGUxualsyQFoxsQ4u5s=
7,2,gJW7sFlJVN7658k3DCuayGegu9U=,mFxOkk5GJGUxualsyQFoxsQ4u5s=
10,4,gJW7sFlJVN7658k3DCuayGegu9U=,3vaEHqdRo0bqhnIqK7nCKtPS4VQ=
8,7,gJW7sFlJVN7658k3DCuayGegu9U=,3vaEHqdRo0bqhnIqK7nCKtPS4VQ=
8,15,gJW7sFlJVN7658k3DCuayGegu9U=,o2ru5WuL25mltmNzmjtAUY+Vg/I=
3,14,gJW7sFlJVN7658k3DCuayGegu9U=,MhUvlfd8P/MTW4McYIjrRJtwYLU=
7,12,gJW7sFlJVN7658k3DCuayGegu9U=,MhUvlfd8P/MTW4McYIjrRJtwYLU=
0,13,gJW7sFlJVN7658k3DCuayGegu9U=,MhUvlfd8P/MTW4McYIjrRJtwYLU=
1,14,gJW7sFlJVN7658k3DCuayGegu9U=,MhUvlfd8P/MTW4McYIjrRJtwYLU=
7,13,gJW7sFlJVN7658k3DCuayGegu9U=,MhUvlfd8P/MTW4McYIjrRJtwYLU=
5,12,gJW7sFlJVN7658k3DCuayGegu9U=,MhUvlfd8P/MTW4McYIjrRJtwYLU=
6,12,gJW7sFlJVN7658k3DCuayGegu9U=,MhUvlfd8P/MTW4McYIjrRJtwYLU=
1,13,gJW7sFlJVN7658k3DCuayGegu9U=,MhUvlfd8P/MTW4McYIjrRJtwYLU=
9,6,gJW7sFlJVN7658k3DCuayGegu9U=,3vaEHqdRo0bqhnIqK7nCKtPS4VQ=
8,14,gJW7sFlJVN7658k3DCuayGegu9U=,o2ru5WuL25mltmNzmjtAUY+Vg/I=
3,11,gJW7sFlJVN7658k3DCuayGegu9U=,MhUvlfd8P/MTW4McYIjrRJtwYLU=
3,9,gJW7sFlJVN7658k3DCuayGegu9U=,MhUvlfd8P/MTW4McYIjrRJtwYLU=
3,7,gJW7sFlJVN7658k3DCuayGegu9U=,mFxOkk5GJGUxualsyQFoxsQ4u5s=
0,14,gJW7sFlJVN7658k3DCuayGegu9U=,MhUvlfd8P/MTW4McYIjrRJtwYLU=
8,9,gJW7sFlJVN7658k3DCuayGegu9U=,o2ru5WuL25mltmNzmjtAUY+Vg/I=
2,9,gJW7sFlJVN7658k3DCuayGegu9U=,MhUvlfd8P/MTW4McYIjrRJtwYLU=
2,7,gJW7sFlJVN7658k3DCuayGegu9U=,mFxOkk5GJGUxualsyQFoxsQ4u5s=
1,9,gJW7sFlJVN7658k3DCuayGegu9U=,MhUvlfd8P/MTW4McYIjrRJtwYLU=
1,7,gJW7sFlJVN7658k3DCuayGegu9U=,mFxOkk5GJGUxualsyQFoxsQ4u5s=
2,13,gJW7sFlJVN7658k3DCuayGegu9U=,MhUvlfd8P/MTW4McYIjrRJtwYLU=
7,8,gJW7sFlJVN7658k3DCuayGegu9U=,MhUvlfd8P/MTW4McYIjrRJtwYLU=
3,12,gJW7sFlJVN7658k3DCuayGegu9U=,MhUvlfd8P/MTW4McYIjrRJtwYLU=
6,8,gJW7sFlJVN7658k3DCuayGegu9U=,MhUvlfd8P/MTW4McYIjrRJtwYLU=
0,9,gJW7sFlJVN7658k3DCuayGegu9U=,MhUvlfd8P/MTW4McYIjrRJtwYLU=
0,7,gJW7sFlJVN7658k3DCuayGegu9U=,mFxOkk5GJGUxualsyQFoxsQ4u5s=
2,11,gJW7sFlJVN7658k3DCuayGegu9U=,MhUvlfd8P/MTW4McYIjrRJtwYLU=
4,13,gJW7sFlJVN7658k3DCuayGegu9U=,MhUvlfd8P/MTW4McYIjrRJtwYLU=
2,12,gJW7sFlJVN7658k3DCuayGegu9U=,MhUvlfd8P/MTW4McYIjrRJtwYLU=
2,14,gJW7sFlJVN7658k3DCuayGegu9U=,MhUvlfd8P/MTW4McYIjrRJtwYLU=
8,10,gJW7sFlJVN7658k3DCuayGegu9U=,o2ru5WuL25mltmNzmjtAUY+Vg/I=
1,11,gJW7sFlJVN7658k3DCuayGegu9U=,MhUvlfd8P/MTW4McYIjrRJtwYLU=
0,11,gJW7sFlJVN7658k3DCuayGegu9U=,MhUvlfd8P/MTW4McYIjrRJtwYLU=
3,13,gJW7sFlJVN7658k3DCuayGegu9U=,MhUvlfd8P/MTW4McYIjrRJtwYLU=
5,13,gJW7sFlJVN7658k3DCuayGegu9U=,MhUvlfd8P/MTW4McYIjrRJtwYLU=
4,12,gJW7sFlJVN7658k3DCuayGegu9U=,MhUvlfd8P/MTW4McYIjrRJtwYLU=
7,10,gJW7sFlJVN7658k3DCuayGegu9U=,MhUvlfd8P/MTW4McYIjrRJtwYLU=
6,10,gJW7sFlJVN7658k3DCuayGegu9U=,MhUvlfd8P/MTW4McYIjrRJtwYLU=
5,8,gJW7sFlJVN7658k3DCuayGegu9U=,MhUvlfd8P/MTW4McYIjrRJtwYLU=
5,10,gJW7sFlJVN7658k3DCuayGegu9U=,MhUvlfd8P/MTW4McYIjrRJtwYLU=
4,8,gJW7sFlJVN7658k3DCuayGegu9U=,MhUvlfd8P/MTW4McYIjrRJtwYLU=
6,13,gJW7sFlJVN7658k3DCuayGegu9U=,MhUvlfd8P/MTW4McYIjrRJtwYLU=
3,8,gJW7sFlJVN7658k3DCuayGegu9U=,MhUvlfd8P/MTW4McYIjrRJtwYLU=
2,8,gJW7sFlJVN7658k3DCuayGegu9U=,MhUvlfd8P/MTW4McYIjrRJtwYLU=
1,8,gJW7sFlJVN7658k3DCuayGegu9U=,MhUvlfd8P/MTW4McYIjrRJtwYLU=
8,12,gJW7sFlJVN7658k3DCuayGegu9U=,o2ru5WuL25mltmNzmjtAUY+Vg/I=
0,8,gJW7sFlJVN7658k3DCuayGegu9U=,MhUvlfd8P/MTW4McYIjrRJtwYLU=
8,8,gJW7sFlJVN7658k3DCuayGegu9U=,o2ru5WuL25mltmNzmjtAUY+Vg/I=
4,9,gJW7sFlJVN7658k3DCuayGegu9U=,MhUvlfd8P/MTW4McYIjrRJtwYLU=
7,7,gJW7sFlJVN7658k3DCuayGegu9U=,mFxOkk5GJGUxualsyQFoxsQ4u5s=
1,12,gJW7sFlJVN7658k3DCuayGegu9U=,MhUvlfd8P/MTW4McYIjrRJtwYLU=
4,10,gJW7sFlJVN7658k3DCuayGegu9U=,MhUvlfd8P/MTW4McYIjrRJtwYLU=
0,12,gJW7sFlJVN7658k3DCuayGegu9U=,MhUvlfd8P/MTW4McYIjrRJtwYLU=
8,13,gJW7sFlJVN7658k3DCuayGegu9U=,o2ru5WuL25mltmNzmjtAUY+Vg/I=
3,10,gJW7sFlJVN7658k3DCuayGegu9U=,MhUvlfd8P/MTW4McYIjrRJtwYLU=
4,7,gJW7sFlJVN7658k3DCuayGegu9U=,mFxOkk5GJGUxualsyQFoxsQ4u5s=
2,10,gJW7sFlJVN7658k3DCuayGegu9U=,MhUvlfd8P/MTW4McYIjrRJtwYLU=
7,11,gJW7sFlJVN7658k3DCuayGegu9U=,MhUvlfd8P/MTW4McYIjrRJtwYLU=
1,10,gJW7sFlJVN7658k3DCuayGegu9U=,MhUvlfd8P/MTW4McYIjrRJtwYLU=
5,11,gJW7sFlJVN7658k3DCuayGegu9U=,MhUvlfd8P/MTW4McYIjrRJtwYLU=
6,11,gJW7sFlJVN7658k3DCuayGegu9U=,MhUvlfd8P/MTW4McYIjrRJtwYLU=
5,9,gJW7sFlJVN7658k3DCuayGegu9U=,MhUvlfd8P/MTW4McYIjrRJtwYLU=
0,10,gJW7sFlJVN7658k3DCuayGegu9U=,MhUvlfd8P/MTW4McYIjrRJtwYLU=
7,9,gJW7sFlJVN7658k3DCuayGegu9U=,MhUvlfd8P/MTW4McYIjrRJtwYLU=
6,15,gJW7sFlJVN7658k3DCuayGegu9U=,MhUvlfd8P/MTW4McYIjrRJtwYLU=
5,15,gJW7sFlJVN7658k3DCuayGegu9U=,MhUvlfd8P/MTW4McYIjrRJtwYLU=
6,9,gJW7sFlJVN7658k3DCuayGegu9U=,MhUvlfd8P/MTW4McYIjrRJtwYLU=
4,15,gJW7sFlJVN7658k3DCuayGegu9U=,MhUvlfd8P/MTW4McYIjrRJtwYLU=
5,7,gJW7sFlJVN7658k3DCuayGegu9U=,mFxOkk5GJGUxualsyQFoxsQ4u5s=
2,15,gJW7sFlJVN7658k3DCuayGegu9U=,MhUvlfd8P/MTW4McYIjrRJtwYLU=
3,15,gJW7sFlJVN7658k3DCuayGegu9U=,MhUvlfd8P/MTW4McYIjrRJtwYLU=
0,15,gJW7sFlJVN7658k3DCuayGegu9U=,MhUvlfd8P/MTW4McYIjrRJtwYLU=
1,15,gJW7sFlJVN7658k3DCuayGegu9U=,MhUvlfd8P/MTW4McYIjrRJtwYLU=
4,11,gJW7sFlJVN7658k3DCuayGegu9U=,MhUvlfd8P/MTW4McYIjrRJtwYLU=
4,14,gJW7sFlJVN7658k3DCuayGegu9U=,MhUvlfd8P/MTW4McYIjrRJtwYLU=
7,14,gJW7sFlJVN7658k3DCuayGegu9U=,MhUvlfd8P/MTW4McYIjrRJtwYLU=
8,11,gJW7sFlJVN7658k3DCuayGegu9U=,o2ru5WuL25mltmNzmjtAUY+Vg/I=
6,14,gJW7sFlJVN7658k3DCuayGegu9U=,MhUvlfd8P/MTW4McYIjrRJtwYLU=
6,7,gJW7sFlJVN7658k3DCuayGegu9U=,mFxOkk5GJGUxualsyQFoxsQ4u5s=
5,14,gJW7sFlJVN7658k3DCuayGegu9U=,MhUvlfd8P/MTW4McYIjrRJtwYLU=
7,15,gJW7sFlJVN7658k3DCuayGegu9U=,MhUvlfd8P/MTW4McYIjrRJtwYLU=
3,31,ZyXGP9ZIMb0cEPDKCQ9CsSpnBxQ=,/Uv7uOqy3xXJJRYLW39F6H6zap0=
1,31,ZyXGP9ZIMb0cEPDKCQ9CsSpnBxQ=,/Uv7uOqy3xXJJRYLW39F6H6zap0=
7,30,ZyXGP9ZIMb0cEPDKCQ9CsSpnBxQ=,/Uv7uOqy3xXJJRYLW39F6H6zap0=
5,30,ZyXGP9ZIMb0cEPDKCQ9CsSpnBxQ=,/Uv7uOqy3xXJJRYLW39F6H6zap0=
4,30,ZyXGP9ZIMb0cEPDKCQ9CsSpnBxQ=,/Uv7uOqy3xXJJRYLW39F6H6zap0=
3,30,ZyXGP9ZIMb0cEPDKCQ9CsSpnBxQ=,/Uv7uOqy3xXJJRYLW39F6H6zap0=
4,31,ZyXGP9ZIMb0cEPDKCQ9CsSpnBxQ=,/Uv7uOqy3xXJJRYLW39F6H6zap0=
5,31,ZyXGP9ZIMb0cEPDKCQ9CsSpnBxQ=,/Uv7uOqy3xXJJRYLW39F6H6zap0=
0,25,ZyXGP9ZIMb0cEPDKCQ9CsSpnBxQ=,/Uv7uOqy3xXJJRYLW39F6H6zap0=
6,31,ZyXGP9ZIMb0cEPDKCQ9CsSpnBxQ=,/Uv7uOqy3xXJJRYLW39F6H6zap0=
1,25,ZyXGP9ZIMb0cEPDKCQ9CsSpnBxQ=,/Uv7uOqy3xXJJRYLW39F6H6zap0=
2,31,ZyXGP9ZIMb0cEPDKCQ9CsSpnBxQ=,/Uv7uOqy3xXJJRYLW39F6H6zap0=
3,25,ZyXGP9ZIMb0cEPDKCQ9CsSpnBxQ=,/Uv7uOqy3xXJJRYLW39F6H6zap0=
2,25,ZyXGP9ZIMb0cEPDKCQ9CsSpnBxQ=,/Uv7uOqy3xXJJRYLW39F6H6zap0=
1,30,ZyXGP9ZIMb0cEPDKCQ9CsSpnBxQ=,/Uv7uOqy3xXJJRYLW39F6H6zap0=
0,30,ZyXGP9ZIMb0cEPDKCQ9CsSpnBxQ=,/Uv7uOqy3xXJJRYLW39F6H6zap0=
7,29,ZyXGP9ZIMb0cEPDKCQ9CsSpnBxQ=,/Uv7uOqy3xXJJRYLW39F6H6zap0=
4,25,ZyXGP9ZIMb0cEPDKCQ9CsSpnBxQ=,/Uv7uOqy3xXJJRYLW39F6H6zap0=
6,29,ZyXGP9ZIMb0cEPDKCQ9CsSpnBxQ=,/Uv7uOqy3xXJJRYLW39F6H6zap0=
5,29,ZyXGP9ZIMb0cEPDKCQ9CsSpnBxQ=,/Uv7uOqy3xXJJRYLW39F6H6zap0=
4,29,ZyXGP9ZIMb0cEPDKCQ9CsSpnBxQ=,/Uv7uOqy3xXJJRYLW39F6H6zap0=
5,25,ZyXGP9ZIMb0cEPDKCQ9CsSpnBxQ=,/Uv7uOqy3xXJJRYLW39F6H6zap0=
3,29,ZyXGP9ZIMb0cEPDKCQ9CsSpnBxQ=,/Uv7uOqy3xXJJRYLW39F6H6zap0=
2,29,ZyXGP9ZIMb0cEPDKCQ9CsSpnBxQ=,/Uv7uOqy3xXJJRYLW39F6H6zap0=
1,29,ZyXGP9ZIMb0cEPDKCQ9CsSpnBxQ=,/Uv7uOqy3xXJJRYLW39F6H6zap0=
0,29,ZyXGP9ZIMb0cEPDKCQ9CsSpnBxQ=,/Uv7uOqy3xXJJRYLW39F6H6zap0=
7,28,ZyXGP9ZIMb0cEPDKCQ9CsSpnBxQ=,/Uv7uOqy3xXJJRYLW39F6H6zap0=
6,25,ZyXGP9ZIMb0cEPDKCQ9CsSpnBxQ=,/Uv7uOqy3xXJJRYLW39F6H6zap0=
6,28,ZyXGP9ZIMb0cEPDKCQ9CsSpnBxQ=,/Uv7uOqy3xXJJRYLW39F6H6zap0=
5,28,ZyXGP9ZIMb0cEPDKCQ9CsSpnBxQ=,/Uv7uOqy3xXJJRYLW39F6H6zap0=
4,28,ZyXGP9ZIMb0cEPDKCQ9CsSpnBxQ=,/Uv7uOqy3xXJJRYLW39F6H6zap0=
7,25,ZyXGP9ZIMb0cEPDKCQ9CsSpnBxQ=,/Uv7uOqy3xXJJRYLW39F6H6zap0=
3,28,ZyXGP9ZIMb0cEPDKCQ9CsSpnBxQ=,/Uv7uOqy3xXJJRYLW39F6H6zap0=
2,28,ZyXGP9ZIMb0cEPDKCQ9CsSpnBxQ=,/Uv7uOqy3xXJJRYLW39F6H6zap0=
1,28,ZyXGP9ZIMb0cEPDKCQ9CsSpnBxQ=,/Uv7uOqy3xXJJRYLW39F6H6zap0=
0,26,ZyXGP9ZIMb0cEPDKCQ9CsSpnBxQ=,/Uv7uOqy3xXJJRYLW39F6H6zap0=
0,28,ZyXGP9ZIMb0cEPDKCQ9CsSpnBxQ=,/Uv7uOqy3xXJJRYLW39F6H6zap0=
7,27,ZyXGP9ZIMb0cEPDKCQ9CsSpnBxQ=,/Uv7uOqy3xXJJRYLW39F6H6zap0=
6,27,ZyXGP9ZIMb0cEPDKCQ9CsSpnBxQ=,/Uv7uOqy3xXJJRYLW39F6H6zap0=
1,26,ZyXGP9ZIMb0cEPDKCQ9CsSpnBxQ=,/Uv7uOqy3xXJJRYLW39F6H6zap0=
4,27,ZyXGP9ZIMb0cEPDKCQ9CsSpnBxQ=,/Uv7uOqy3xXJJRYLW39F6H6zap0=
3,27,ZyXGP9ZIMb0cEPDKCQ9CsSpnBxQ=,/Uv7uOqy3xXJJRYLW39F6H6zap0=
5,27,ZyXGP9ZIMb0cEPDKCQ9CsSpnBxQ=,/Uv7uOqy3xXJJRYLW39F6H6zap0=
2,27,ZyXGP9ZIMb0cEPDKCQ9CsSpnBxQ=,/Uv7uOqy3xXJJRYLW39F6H6zap0=
2,26,ZyXGP9ZIMb0cEPDKCQ9CsSpnBxQ=,/Uv7uOqy3xXJJRYLW39F6H6zap0=
0,27,ZyXGP9ZIMb0cEPDKCQ9CsSpnBxQ=,/Uv7uOqy3xXJJRYLW39F6H6zap0=
1,27,ZyXGP9ZIMb0cEPDKCQ9CsSpnBxQ=,/Uv7uOqy3xXJJRYLW39F6H6zap0=
7,26,ZyXGP9ZIMb0cEPDKCQ9CsSpnBxQ=,/Uv7uOqy3xXJJRYLW39F6H6zap0=
3,26,ZyXGP9ZIMb0cEPDKCQ9CsSpnBxQ=,/Uv7uOqy3xXJJRYLW39F6H6zap0=
6,26,ZyXGP9ZIMb0cEPDKCQ9CsSpnBxQ=,/Uv7uOqy3xXJJRYLW39F6H6zap0=
5,26,ZyXGP9ZIMb0cEPDKCQ9CsSpnBxQ=,/Uv7uOqy3xXJJRYLW39F6H6zap0=
4,26,ZyXGP9ZIMb0cEPDKCQ9CsSpnBxQ=,/Uv7uOqy3xXJJRYLW39F6H6zap0=
2,30,ZyXGP9ZIMb0cEPDKCQ9CsSpnBxQ=,/Uv7uOqy3xXJJRYLW39F6H6zap0=
6,30,ZyXGP9ZIMb0cEPDKCQ9CsSpnBxQ=,/Uv7uOqy3xXJJRYLW39F6H6zap0=
0,31,ZyXGP9ZIMb0cEPDKCQ9CsSpnBxQ=,/Uv7uOqy3xXJJRYLW39F6H6zap0=
7,31,ZyXGP9ZIMb0cEPDKCQ9CsSpnBxQ=,/Uv7uOqy3xXJJRYLW39F6H6zap0=
11,21,QNxTnUzlV+sUeUOCqkTkdnS3Ke8=,K5kSQP1ZxWuDse2fuiGGRHiSzFA=
15,20,QNxTnUzlV+sUeUOCqkTkdnS3Ke8=,K5kSQP1ZxWuDse2fuiGGRHiSzFA=
9,21,QNxTnUzlV+sUeUOCqkTkdnS3Ke8=,K5kSQP1ZxWuDse2fuiGGRHiSzFA=
14,20,QNxTnUzlV+sUeUOCqkTkdnS3Ke8=,K5kSQP1ZxWuDse2fuiGGRHiSzFA=
12,21,QNxTnUzlV+sUeUOCqkTkdnS3Ke8=,K5kSQP1ZxWuDse2fuiGGRHiSzFA=
13,20,QNxTnUzlV+sUeUOCqkTkdnS3Ke8=,K5kSQP1ZxWuDse2fuiGGRHiSzFA=
12,20,QNxTnUzlV+sUeUOCqkTkdnS3Ke8=,K5kSQP1ZxWuDse2fuiGGRHiSzFA=
13,21,QNxTnUzlV+sUeUOCqkTkdnS3Ke8=,K5kSQP1ZxWuDse2fuiGGRHiSzFA=
15,21,QNxTnUzlV+sUeUOCqkTkdnS3Ke8=,K5kSQP1ZxWuDse2fuiGGRHiSzFA=
10,22,QNxTnUzlV+sUeUOCqkTkdnS3Ke8=,K5kSQP1ZxWuDse2fuiGGRHiSzFA=
9,22,QNxTnUzlV+sUeUOCqkTkdnS3Ke8=,K5kSQP1ZxWuDse2fuiGGRHiSzFA=
12,22,QNxTnUzlV+sUeUOCqkTkdnS3Ke8=,K5kSQP1ZxWuDse2fuiGGRHiSzFA=
13,22,QNxTnUzlV+sUeUOCqkTkdnS3Ke8=,K5kSQP1ZxWuDse2fuiGGRHiSzFA=
11,22,QNxTnUzlV+sUeUOCqkTkdnS3Ke8=,K5kSQP1ZxWuDse2fuiGGRHiSzFA=
14,22,QNxTnUzlV+sUeUOCqkTkdnS3Ke8=,K5kSQP1ZxWuDse2fuiGGRHiSzFA=
10,21,QNxTnUzlV+sUeUOCqkTkdnS3Ke8=,K5kSQP1ZxWuDse2fuiGGRHiSzFA=
15,22,QNxTnUzlV+sUeUOCqkTkdnS3Ke8=,K5kSQP1ZxWuDse2fuiGGRHiSzFA=
15,19,QNxTnUzlV+sUeUOCqkTkdnS3Ke8=,K5kSQP1ZxWuDse2fuiGGRHiSzFA=
14,19,QNxTnUzlV+sUeUOCqkTkdnS3Ke8=,K5kSQP1ZxWuDse2fuiGGRHiSzFA=
13,19,QNxTnUzlV+sUeUOCqkTkdnS3Ke8=,K5kSQP1ZxWuDse2fuiGGRHiSzFA=
10,20,QNxTnUzlV+sUeUOCqkTkdnS3Ke8=,K5kSQP1ZxWuDse2fuiGGRHiSzFA=
11,20,QNxTnUzlV+sUeUOCqkTkdnS3Ke8=,K5kSQP1ZxWuDse2fuiGGRHiSzFA=
12,19,QNxTnUzlV+sUeUOCqkTkdnS3Ke8=,K5kSQP1ZxWuDse2fuiGGRHiSzFA=
9,20,QNxTnUzlV+sUeUOCqkTkdnS3Ke8=,K5kSQP1ZxWuDse2fuiGGRHiSzFA=
9,16,QNxTnUzlV+sUeUOCqkTkdnS3Ke8=,K5kSQP1ZxWuDse2fuiGGRHiSzFA=
13,18,QNxTnUzlV+sUeUOCqkTkdnS3Ke8=,K5kSQP1ZxWuDse2fuiGGRHiSzFA=
9,19,QNxTnUzlV+sUeUOCqkTkdnS3Ke8=,K5kSQP1ZxWuDse2fuiGGRHiSzFA=
10,19,QNxTnUzlV+sUeUOCqkTkdnS3Ke8=,K5kSQP1ZxWuDse2fuiGGRHiSzFA=
14,18,QNxTnUzlV+sUeUOCqkTkdnS3Ke8=,K5kSQP1ZxWuDse2fuiGGRHiSzFA=
12,18,QNxTnUzlV+sUeUOCqkTkdnS3Ke8=,K5kSQP1ZxWuDse2fuiGGRHiSzFA=
15,18,QNxTnUzlV+sUeUOCqkTkdnS3Ke8=,K5kSQP1ZxWuDse2fuiGGRHiSzFA=
11,19,QNxTnUzlV+sUeUOCqkTkdnS3Ke8=,K5kSQP1ZxWuDse2fuiGGRHiSzFA=
10,16,QNxTnUzlV+sUeUOCqkTkdnS3Ke8=,K5kSQP1ZxWuDse2fuiGGRHiSzFA=
9,23,QNxTnUzlV+sUeUOCqkTkdnS3Ke8=,K5kSQP1ZxWuDse2fuiGGRHiSzFA=
10,23,QNxTnUzlV+sUeUOCqkTkdnS3Ke8=,K5kSQP1ZxWuDse2fuiGGRHiSzFA=
11,18,QNxTnUzlV+sUeUOCqkTkdnS3Ke8=,K5kSQP1ZxWuDse2fuiGGRHiSzFA=
14,21,QNxTnUzlV+sUeUOCqkTkdnS3Ke8=,K5kSQP1ZxWuDse2fuiGGRHiSzFA=
10,18,QNxTnUzlV+sUeUOCqkTkdnS3Ke8=,K5kSQP1ZxWuDse2fuiGGRHiSzFA=
9,18,QNxTnUzlV+sUeUOCqkTkdnS3Ke8=,K5kSQP1ZxWuDse2fuiGGRHiSzFA=
15,17,QNxTnUzlV+sUeUOCqkTkdnS3Ke8=,K5kSQP1ZxWuDse2fuiGGRHiSzFA=
15,23,QNxTnUzlV+sUeUOCqkTkdnS3Ke8=,K5kSQP1ZxWuDse2fuiGGRHiSzFA=
14,23,QNxTnUzlV+sUeUOCqkTkdnS3Ke8=,K5kSQP1ZxWuDse2fuiGGRHiSzFA=
14,17,QNxTnUzlV+sUeUOCqkTkdnS3Ke8=,K5kSQP1ZxWuDse2fuiGGRHiSzFA=
13,23,QNxTnUzlV+sUeUOCqkTkdnS3Ke8=,K5kSQP1ZxWuDse2fuiGGRHiSzFA=
13,17,QNxTnUzlV+sUeUOCqkTkdnS3Ke8=,K5kSQP1ZxWuDse2fuiGGRHiSzFA=
12,23,QNxTnUzlV+sUeUOCqkTkdnS3Ke8=,K5kSQP1ZxWuDse2fuiGGRHiSzFA=
11,16,QNxTnUzlV+sUeUOCqkTkdnS3Ke8=,K5kSQP1ZxWuDse2fuiGGRHiSzFA=
11,23,QNxTnUzlV+sUeUOCqkTkdnS3Ke8=,K5kSQP1ZxWuDse2fuiGGRHiSzFA=
12,17,QNxTnUzlV+sUeUOCqkTkdnS3Ke8=,K5kSQP1ZxWuDse2fuiGGRHiSzFA=
11,17,QNxTnUzlV+sUeUOCqkTkdnS3Ke8=,K5kSQP1ZxWuDse2fuiGGRHiSzFA=
10,17,QNxTnUzlV+sUeUOCqkTkdnS3Ke8=,K5kSQP1ZxWuDse2fuiGGRHiSzFA=
9,17,QNxTnUzlV+sUeUOCqkTkdnS3Ke8=,K5kSQP1ZxWuDse2fuiGGRHiSzFA=
15,16,QNxTnUzlV+sUeUOCqkTkdnS3Ke8=,K5kSQP1ZxWuDse2fuiGGRHiSzFA=
13,16,QNxTnUzlV+sUeUOCqkTkdnS3Ke8=,K5kSQP1ZxWuDse2fuiGGRHiSzFA=
12,16,QNxTnUzlV+sUeUOCqkTkdnS3Ke8=,K5kSQP1ZxWuDse2fuiGGRHiSzFA=
3,23,QNxTnUzlV+sUeUOCqkTkdnS3Ke8=,Fm6vQI/mgfdC6cHlDLZLpilLv48=
2,23,QNxTnUzlV+sUeUOCqkTkdnS3Ke8=,Fm6vQI/mgfdC6cHlDLZLpilLv48=
1,23,QNxTnUzlV+sUeUOCqkTkdnS3Ke8=,Fm6vQI/mgfdC6cHlDLZLpilLv48=
5,22,QNxTnUzlV+sUeUOCqkTkdnS3Ke8=,Fm6vQI/mgfdC6cHlDLZLpilLv48=
5,21,QNxTnUzlV+sUeUOCqkTkdnS3Ke8=,Fm6vQI/mgfdC6cHlDLZLpilLv48=
8,22,QNxTnUzlV+sUeUOCqkTkdnS3Ke8=,K5kSQP1ZxWuDse2fuiGGRHiSzFA=
0,20,QNxTnUzlV+sUeUOCqkTkdnS3Ke8=,Fm6vQI/mgfdC6cHlDLZLpilLv48=
4,23,QNxTnUzlV+sUeUOCqkTkdnS3Ke8=,Fm6vQI/mgfdC6cHlDLZLpilLv48=
1,20,QNxTnUzlV+sUeUOCqkTkdnS3Ke8=,Fm6vQI/mgfdC6cHlDLZLpilLv48=
5,23,QNxTnUzlV+sUeUOCqkTkdnS3Ke8=,Fm6vQI/mgfdC6cHlDLZLpilLv48=
6,20,QNxTnUzlV+sUeUOCqkTkdnS3Ke8=,Fm6vQI/mgfdC6cHlDLZLpilLv48=
7,20,QNxTnUzlV+sUeUOCqkTkdnS3Ke8=,Fm6vQI/mgfdC6cHlDLZLpilLv48=
8,21,QNxTnUzlV+sUeUOCqkTkdnS3Ke8=,K5kSQP1ZxWuDse2fuiGGRHiSzFA=
7,19,QNxTnUzlV+sUeUOCqkTkdnS3Ke8=,Fm6vQI/mgfdC6cHlDLZLpilLv48=
2,19,QNxTnUzlV+sUeUOCqkTkdnS3Ke8=,Fm6vQI/mgfdC6cHlDLZLpilLv48=
2,20,QNxTnUzlV+sUeUOCqkTkdnS3Ke8=,Fm6vQI/mgfdC6cHlDLZLpilLv48=
8,23,QNxTnUzlV+sUeUOCqkTkdnS3Ke8=,K5kSQP1ZxWuDse2fuiGGRHiSzFA=
3,16,QNxTnUzlV+sUeUOCqkTkdnS3Ke8=,Fm6vQI/mgfdC6cHlDLZLpilLv48=
5,20,QNxTnUzlV+sUeUOCqkTkdnS3Ke8=,Fm6vQI/mgfdC6cHlDLZLpilLv48=
0,16,QNxTnUzlV+sUeUOCqkTkdnS3Ke8=,Fm6vQI/mgfdC6cHlDLZLpilLv48=
3,18,QNxTnUzlV+sUeUOCqkTkdnS3Ke8=,Fm6vQI/mgfdC6cHlDLZLpilLv48=
6,19,QNxTnUzlV+sUeUOCqkTkdnS3Ke8=,Fm6vQI/mgfdC6cHlDLZLpilLv48=
1,19,QNxTnUzlV+sUeUOCqkTkdnS3Ke8=,Fm6vQI/mgfdC6cHlDLZLpilLv48=
3,17,QNxTnUzlV+sUeUOCqkTkdnS3Ke8=,Fm6vQI/mgfdC6cHlDLZLpilLv48=
4,21,QNxTnUzlV+sUeUOCqkTkdnS3Ke8=,Fm6vQI/mgfdC6cHlDLZLpilLv48=
3,21,QNxTnUzlV+sUeUOCqkTkdnS3Ke8=,Fm6vQI/mgfdC6cHlDLZLpilLv48=
5,19,QNxTnUzlV+sUeUOCqkTkdnS3Ke8=,Fm6vQI/mgfdC6cHlDLZLpilLv48=
14,16,QNxTnUzlV+sUeUOCqkTkdnS3Ke8=,K5kSQP1ZxWuDse2fuiGGRHiSzFA=
8,20,QNxTnUzlV+sUeUOCqkTkdnS3Ke8=,K5kSQP1ZxWuDse2fuiGGRHiSzFA=
8,16,QNxTnUzlV+sUeUOCqkTkdnS3Ke8=,K5kSQP1ZxWuDse2fuiGGRHiSzFA=
4,20,QNxTnUzlV+sUeUOCqkTkdnS3Ke8=,Fm6vQI/mgfdC6cHlDLZLpilLv48=
6,23,QNxTnUzlV+sUeUOCqkTkdnS3Ke8=,Fm6vQI/mgfdC6cHlDLZLpilLv48=
7,23,QNxTnUzlV+sUeUOCqkTkdnS3Ke8=,Fm6vQI/mgfdC6cHlDLZLpilLv48=
0,24,QNxTnUzlV+sUeUOCqkTkdnS3Ke8=,/Uv7uOqy3xXJJRYLW39F6H6zap0=
1,24,QNxTnUzlV+sUeUOCqkTkdnS3Ke8=,/Uv7uOqy3xXJJRYLW39F6H6zap0=
2,24,QNxTnUzlV+sUeUOCqkTkdnS3Ke8=,/Uv7uOqy3xXJJRYLW39F6H6zap0=
0,19,QNxTnUzlV+sUeUOCqkTkdnS3Ke8=,Fm6vQI/mgfdC6cHlDLZLpilLv48=
8,19,QNxTnUzlV+sUeUOCqkTkdnS3Ke8=,K5kSQP1ZxWuDse2fuiGGRHiSzFA=
2,21,QNxTnUzlV+sUeUOCqkTkdnS3Ke8=,Fm6vQI/mgfdC6cHlDLZLpilLv48=
2,18,QNxTnUzlV+sUeUOCqkTkdnS3Ke8=,Fm6vQI/mgfdC6cHlDLZLpilLv48=
7,18,QNxTnUzlV+sUeUOCqkTkdnS3Ke8=,Fm6vQI/mgfdC6cHlDLZLpilLv48=
1,21,QNxTnUzlV+sUeUOCqkTkdnS3Ke8=,Fm6vQI/mgfdC6cHlDLZLpilLv48=
4,16,QNxTnUzlV+sUeUOCqkTkdnS3Ke8=,Fm6vQI/mgfdC6cHlDLZLpilLv48=
3,24,QNxTnUzlV+sUeUOCqkTkdnS3Ke8=,/Uv7uOqy3xXJJRYLW39F6H6zap0=
6,18,QNxTnUzlV+sUeUOCqkTkdnS3Ke8=,Fm6vQI/mgfdC6cHlDLZLpilLv48=
2,17,QNxTnUzlV+sUeUOCqkTkdnS3Ke8=,Fm6vQI/mgfdC6cHlDLZLpilLv48=
4,19,QNxTnUzlV+sUeUOCqkTkdnS3Ke8=,Fm6vQI/mgfdC6cHlDLZLpilLv48=
8,18,QNxTnUzlV+sUeUOCqkTkdnS3Ke8=,K5kSQP1ZxWuDse2fuiGGRHiSzFA=
5,16,QNxTnUzlV+sUeUOCqkTkdnS3Ke8=,Fm6vQI/mgfdC6cHlDLZLpilLv48=
4,24,QNxTnUzlV+sUeUOCqkTkdnS3Ke8=,/Uv7uOqy3xXJJRYLW39F6H6zap0=
1,17,QNxTnUzlV+sUeUOCqkTkdnS3Ke8=,Fm6vQI/mgfdC6cHlDLZLpilLv48=
0,17,QNxTnUzlV+sUeUOCqkTkdnS3Ke8=,Fm6vQI/mgfdC6cHlDLZLpilLv48=
4,22,QNxTnUzlV+sUeUOCqkTkdnS3Ke8=,Fm6vQI/mgfdC6cHlDLZLpilLv48=
7,16,QNxTnUzlV+sUeUOCqkTkdnS3Ke8=,Fm6vQI/mgfdC6cHlDLZLpilLv48=
3,22,QNxTnUzlV+sUeUOCqkTkdnS3Ke8=,Fm6vQI/mgfdC6cHlDLZLpilLv48=
5,18,QNxTnUzlV+sUeUOCqkTkdnS3Ke8=,Fm6vQI/mgfdC6cHlDLZLpilLv48=
4,17,QNxTnUzlV+sUeUOCqkTkdnS3Ke8=,Fm6vQI/mgfdC6cHlDLZLpilLv48=
5,24,QNxTnUzlV+sUeUOCqkTkdnS3Ke8=,/Uv7uOqy3xXJJRYLW39F6H6zap0=
3,19,QNxTnUzlV+sUeUOCqkTkdnS3Ke8=,Fm6vQI/mgfdC6cHlDLZLpilLv48=
2,22,QNxTnUzlV+sUeUOCqkTkdnS3Ke8=,Fm6vQI/mgfdC6cHlDLZLpilLv48=
0,23,QNxTnUzlV+sUeUOCqkTkdnS3Ke8=,Fm6vQI/mgfdC6cHlDLZLpilLv48=
7,22,QNxTnUzlV+sUeUOCqkTkdnS3Ke8=,Fm6vQI/mgfdC6cHlDLZLpilLv48=
4,18,QNxTnUzlV+sUeUOCqkTkdnS3Ke8=,Fm6vQI/mgfdC6cHlDLZLpilLv48=
1,22,QNxTnUzlV+sUeUOCqkTkdnS3Ke8=,Fm6vQI/mgfdC6cHlDLZLpilLv48=
0,22,QNxTnUzlV+sUeUOCqkTkdnS3Ke8=,Fm6vQI/mgfdC6cHlDLZLpilLv48=
7,21,QNxTnUzlV+sUeUOCqkTkdnS3Ke8=,Fm6vQI/mgfdC6cHlDLZLpilLv48=
6,21,QNxTnUzlV+sUeUOCqkTkdnS3Ke8=,Fm6vQI/mgfdC6cHlDLZLpilLv48=
2,16,QNxTnUzlV+sUeUOCqkTkdnS3Ke8=,Fm6vQI/mgfdC6cHlDLZLpilLv48=
1,18,QNxTnUzlV+sUeUOCqkTkdnS3Ke8=,Fm6vQI/mgfdC6cHlDLZLpilLv48=
6,16,QNxTnUzlV+sUeUOCqkTkdnS3Ke8=,Fm6vQI/mgfdC6cHlDLZLpilLv48=
1,16,QNxTnUzlV+sUeUOCqkTkdnS3Ke8=,Fm6vQI/mgfdC6cHlDLZLpilLv48=
0,21,QNxTnUzlV+sUeUOCqkTkdnS3Ke8=,Fm6vQI/mgfdC6cHlDLZLpilLv48=
5,17,QNxTnUzlV+sUeUOCqkTkdnS3Ke8=,Fm6vQI/mgfdC6cHlDLZLpilLv48=
6,22,QNxTnUzlV+sUeUOCqkTkdnS3Ke8=,Fm6vQI/mgfdC6cHlDLZLpilLv48=
6,24,QNxTnUzlV+sUeUOCqkTkdnS3Ke8=,/Uv7uOqy3xXJJRYLW39F6H6zap0=
7,24,QNxTnUzlV+sUeUOCqkTkdnS3Ke8=,/Uv7uOqy3xXJJRYLW39F6H6zap0=
0,18,QNxTnUzlV+sUeUOCqkTkdnS3Ke8=,Fm6vQI/mgfdC6cHlDLZLpilLv48=
3,20,QNxTnUzlV+sUeUOCqkTkdnS3Ke8=,Fm6vQI/mgfdC6cHlDLZLpilLv48=
7,17,QNxTnUzlV+sUeUOCqkTkdnS3Ke8=,Fm6vQI/mgfdC6cHlDLZLpilLv48=
8,17,QNxTnUzlV+sUeUOCqkTkdnS3Ke8=,K5kSQP1ZxWuDse2fuiGGRHiSzFA=
6,17,QNxTnUzlV+sUeUOCqkTkdnS3Ke8=,Fm6vQI/mgfdC6cHlDLZLpilLv48=
18,30,RPZqiabWO8GsTETpsTC894bOJ2c=,KKh51j8VCg89FlTaKjZgKDq8CpA=
22,30,RPZqiabWO8GsTETpsTC894bOJ2c=,KKh51j8VCg89FlTaKjZgKDq8CpA=
22,29,RPZqiabWO8GsTETpsTC894bOJ2c=,KKh51j8VCg89FlTaKjZgKDq8CpA=
17,30,RPZqiabWO8GsTETpsTC894bOJ2c=,KKh51j8VCg89FlTaKjZgKDq8CpA=
20,29,RPZqiabWO8GsTETpsTC894bOJ2c=,KKh51j8VCg89FlTaKjZgKDq8CpA=
21,29,RPZqiabWO8GsTETpsTC894bOJ2c=,KKh51j8VCg89FlTaKjZgKDq8CpA=
22,28,RPZqiabWO8GsTETpsTC894bOJ2c=,KKh51j8VCg89FlTaKjZgKDq8CpA=
20,30,RPZqiabWO8GsTETpsTC894bOJ2c=,KKh51j8VCg89FlTaKjZgKDq8CpA=
17,29,RPZqiabWO8GsTETpsTC894bOJ2c=,KKh51j8VCg89FlTaKjZgKDq8CpA=
18,29,RPZqiabWO8GsTETpsTC894bOJ2c=,KKh51j8VCg89FlTaKjZgKDq8CpA=
20,28,RPZqiabWO8GsTETpsTC894bOJ2c=,KKh51j8VCg89FlTaKjZgKDq8CpA=
19,28,RPZqiabWO8GsTETpsTC894bOJ2c=,KKh51j8VCg89FlTaKjZgKDq8CpA=
21,28,RPZqiabWO8GsTETpsTC894bOJ2c=,KKh51j8VCg89FlTaKjZgKDq8CpA=
17,25,RPZqiabWO8GsTETpsTC894bOJ2c=,KKh51j8VCg89FlTaKjZgKDq8CpA=
17,28,RPZqiabWO8GsTETpsTC894bOJ2c=,KKh51j8VCg89FlTaKjZgKDq8CpA=
22,27,RPZqiabWO8GsTETpsTC894bOJ2c=,KKh51j8VCg89FlTaKjZgKDq8CpA=
18,28,RPZqiabWO8GsTETpsTC894bOJ2c=,KKh51j8VCg89FlTaKjZgKDq8CpA=
21,27,RPZqiabWO8GsTETpsTC894bOJ2c=,KKh51j8VCg89FlTaKjZgKDq8CpA=
20,27,RPZqiabWO8GsTETpsTC894bOJ2c=,KKh51j8VCg89FlTaKjZgKDq8CpA=
18,25,RPZqiabWO8GsTETpsTC894bOJ2c=,KKh51j8VCg89FlTaKjZgKDq8CpA=
19,27,RPZqiabWO8GsTETpsTC894bOJ2c=,KKh51j8VCg89FlTaKjZgKDq8CpA=
18,27,RPZqiabWO8GsTETpsTC894bOJ2c=,KKh51j8VCg89FlTaKjZgKDq8CpA=
19,25,RPZqiabWO8GsTETpsTC894bOJ2c=,KKh51j8VCg89FlTaKjZgKDq8CpA=
22,26,RPZqiabWO8GsTETpsTC894bOJ2c=,KKh51j8VCg89FlTaKjZgKDq8CpA=
17,27,RPZqiabWO8GsTETpsTC894bOJ2c=,KKh51j8VCg89FlTaKjZgKDq8CpA=
20,25,RPZqiabWO8GsTETpsTC894bOJ2c=,KKh51j8VCg89FlTaKjZgKDq8CpA=
20,26,RPZqiabWO8GsTETpsTC894bOJ2c=,KKh51j8VCg89FlTaKjZgKDq8CpA=
19,26,RPZqiabWO8GsTETpsTC894bOJ2c=,KKh51j8VCg89FlTaKjZgKDq8CpA=
21,26,RPZqiabWO8GsTETpsTC894bOJ2c=,KKh51j8VCg89FlTaKjZgKDq8CpA=
21,25,RPZqiabWO8GsTETpsTC894bOJ2c=,KKh51j8VCg89FlTaKjZgKDq8CpA=
18,26,RPZqiabWO8GsTETpsTC894bOJ2c=,KKh51j8VCg89FlTaKjZgKDq8CpA=
17,26,RPZqiabWO8GsTETpsTC894bOJ2c=,KKh51j8VCg89FlTaKjZgKDq8CpA=
22,25,RPZqiabWO8GsTETpsTC894bOJ2c=,KKh51j8VCg89FlTaKjZgKDq8CpA=
19,29,RPZqiabWO8GsTETpsTC894bOJ2c=,KKh51j8VCg89FlTaKjZgKDq8CpA=
21,30,RPZqiabWO8GsTETpsTC894bOJ2c=,KKh51j8VCg89FlTaKjZgKDq8CpA=
19,30,RPZqiabWO8GsTETpsTC894bOJ2c=,KKh51j8VCg89FlTaKjZgKDq8CpA=
18,31,RPZqiabWO8GsTETpsTC894bOJ2c=,KKh51j8VCg89FlTaKjZgKDq8CpA=
19,31,RPZqiabWO8GsTETpsTC894bOJ2c=,KKh51j8VCg89FlTaKjZgKDq8CpA=
20,31,RPZqiabWO8GsTETpsTC894bOJ2c=,KKh51j8VCg89FlTaKjZgKDq8CpA=
17,31,RPZqiabWO8GsTETpsTC894bOJ2c=,KKh51j8VCg89FlTaKjZgKDq8CpA=
21,31,RPZqiabWO8GsTETpsTC894bOJ2c=,KKh51j8VCg89FlTaKjZgKDq8CpA=
22,31,RPZqiabWO8GsTETpsTC894bOJ2c=,KKh51j8VCg89FlTaKjZgKDq8CpA=
16,25,RPZqiabWO8GsTETpsTC894bOJ2c=,KKh51j8VCg89FlTaKjZgKDq8CpA=
16,30,RPZqiabWO8GsTETpsTC894bOJ2c=,KKh51j8VCg89FlTaKjZgKDq8CpA=
16,28,RPZqiabWO8GsTETpsTC894bOJ2c=,KKh51j8VCg89FlTaKjZgKDq8CpA=
16,29,RPZqiabWO8GsTETpsTC894bOJ2c=,KKh51j8VCg89FlTaKjZgKDq8CpA=
16,27,RPZqiabWO8GsTETpsTC894bOJ2c=,KKh51j8VCg89FlTaKjZgKDq8CpA=
16,26,RPZqiabWO8GsTETpsTC894bOJ2c=,KKh51j8VCg89FlTaKjZgKDq8CpA=
16,31,RPZqiabWO8GsTETpsTC894bOJ2c=,KKh51j8VCg89FlTaKjZgKDq8CpA=
25,29,W2T9NywRLuDM/vKXVT6dEWEQ0ak=,Vfzx7u96QzQ1KrvRMSdcNTkqQVU=
24,29,W2T9NywRLuDM/vKXVT6dEWEQ0ak=,Vfzx7u96QzQ1KrvRMSdcNTkqQVU=
26,29,W2T9NywRLuDM/vKXVT6dEWEQ0ak=,Vfzx7u96QzQ1KrvRMSdcNTkqQVU=
27,29,W2T9NywRLuDM/vKXVT6dEWEQ0ak=,Vfzx7u96QzQ1KrvRMSdcNTkqQVU=
28,28,W2T9NywRLuDM/vKXVT6dEWEQ0ak=,Vfzx7u96QzQ1KrvRMSdcNTkqQVU=
27,28,W2T9NywRLuDM/vKXVT6dEWEQ0ak=,Vfzx7u96QzQ1KrvRMSdcNTkqQVU=
26,28,W2T9NywRLuDM/vKXVT6dEWEQ0ak=,Vfzx7u96QzQ1KrvRMSdcNTkqQVU=
25,28,W2T9NywRLuDM/vKXVT6dEWEQ0ak=,Vfzx7u96QzQ1KrvRMSdcNTkqQVU=
29,28,W2T9NywRLuDM/vKXVT6dEWEQ0ak=,Vfzx7u96QzQ1KrvRMSdcNTkqQVU=
31,28,W2T9NywRLuDM/vKXVT6dEWEQ0ak=,Vfzx7u96QzQ1KrvRMSdcNTkqQVU=
23,29,W2T9NywRLuDM/vKXVT6dEWEQ0ak=,KKh51j8VCg89FlTaKjZgKDq8CpA=
30,28,W2T9NywRLuDM/vKXVT6dEWEQ0ak=,Vfzx7u96QzQ1KrvRMSdcNTkqQVU=
28,29,W2T9NywRLuDM/vKXVT6dEWEQ0ak=,Vfzx7u96QzQ1KrvRMSdcNTkqQVU=
30,25,W2T9NywRLuDM/vKXVT6dEWEQ0ak=,Vfzx7u96QzQ1KrvRMSdcNTkqQVU=
23,28,W2T9NywRLuDM/vKXVT6dEWEQ0ak=,KKh51j8VCg89FlTaKjZgKDq8CpA=
28,25,W2T9NywRLuDM/vKXVT6dEWEQ0ak=,Vfzx7u96QzQ1KrvRMSdcNTkqQVU=
23,27,W2T9NywRLuDM/vKXVT6dEWEQ0ak=,KKh51j8VCg89FlTaKjZgKDq8CpA=
29,25,W2T9NywRLuDM/vKXVT6dEWEQ0ak=,Vfzx7u96QzQ1KrvRMSdcNTkqQVU=
23,30,W2T9NywRLuDM/vKXVT6dEWEQ0ak=,KKh51j8VCg89FlTaKjZgKDq8CpA=
24,25,W2T9NywRLuDM/vKXVT6dEWEQ0ak=,Vfzx7u96QzQ1KrvRMSdcNTkqQVU=
23,26,W2T9NywRLuDM/vKXVT6dEWEQ0ak=,KKh51j8VCg89FlTaKjZgKDq8CpA=
23,25,W2T9NywRLuDM/vKXVT6dEWEQ0ak=,KKh51j8VCg89FlTaKjZgKDq8CpA=
25,25,W2T9NywRLuDM/vKXVT6dEWEQ0ak=,Vfzx7u96QzQ1KrvRMSdcNTkqQVU=
27,27,W2T9NywRLuDM/vKXVT6dEWEQ0ak=,Vfzx7u96QzQ1KrvRMSdcNTkqQVU=
31,25,W2T9NywRLuDM/vKXVT6dEWEQ0ak=,Vfzx7u96QzQ1KrvRMSdcNTkqQVU=
26,27,W2T9NywRLuDM/vKXVT6dEWEQ0ak=,Vfzx7u96QzQ1KrvRMSdcNTkqQVU=
27,31,W2T9NywRLuDM/vKXVT6dEWEQ0ak=,Vfzx7u96QzQ1KrvRMSdcNTkqQVU=
26,31,W2T9NywRLuDM/vKXVT6dEWEQ0ak=,Vfzx7u96QzQ1KrvRMSdcNTkqQVU=
25,31,W2T9NywRLuDM/vKXVT6dEWEQ0ak=,Vfzx7u96QzQ1KrvRMSdcNTkqQVU=
24,31,W2T9NywRLuDM/vKXVT6dEWEQ0ak=,Vfzx7u96QzQ1KrvRMSdcNTkqQVU=
26,25,W2T9NywRLuDM/vKXVT6dEWEQ0ak=,Vfzx7u96QzQ1KrvRMSdcNTkqQVU=
27,25,W2T9NywRLuDM/vKXVT6dEWEQ0ak=,Vfzx7u96QzQ1KrvRMSdcNTkqQVU=
29,29,W2T9NywRLuDM/vKXVT6dEWEQ0ak=,Vfzx7u96QzQ1KrvRMSdcNTkqQVU=
23,31,W2T9NywRLuDM/vKXVT6dEWEQ0ak=,KKh51j8VCg89FlTaKjZgKDq8CpA=
30,31,W2T9NywRLuDM/vKXVT6dEWEQ0ak=,Vfzx7u96QzQ1KrvRMSdcNTkqQVU=
31,31,W2T9NywRLuDM/vKXVT6dEWEQ0ak=,Vfzx7u96QzQ1KrvRMSdcNTkqQVU=
27,30,W2T9NywRLuDM/vKXVT6dEWEQ0ak=,Vfzx7u96QzQ1KrvRMSdcNTkqQVU=
26,30,W2T9NywRLuDM/vKXVT6dEWEQ0ak=,Vfzx7u96QzQ1KrvRMSdcNTkqQVU=
25,30,W2T9NywRLuDM/vKXVT6dEWEQ0ak=,Vfzx7u96QzQ1KrvRMSdcNTkqQVU=
24,30,W2T9NywRLuDM/vKXVT6dEWEQ0ak=,Vfzx7u96QzQ1KrvRMSdcNTkqQVU=
28,31,W2T9NywRLuDM/vKXVT6dEWEQ0ak=,Vfzx7u96QzQ1KrvRMSdcNTkqQVU=
24,27,W2T9NywRLuDM/vKXVT6dEWEQ0ak=,Vfzx7u96QzQ1KrvRMSdcNTkqQVU=
25,27,W2T9NywRLuDM/vKXVT6dEWEQ0ak=,Vfzx7u96QzQ1KrvRMSdcNTkqQVU=
29,31,W2T9NywRLuDM/vKXVT6dEWEQ0ak=,Vfzx7u96QzQ1KrvRMSdcNTkqQVU=
30,27,W2T9NywRLuDM/vKXVT6dEWEQ0ak=,Vfzx7u96QzQ1KrvRMSdcNTkqQVU=
29,27,W2T9NywRLuDM/vKXVT6dEWEQ0ak=,Vfzx7u96QzQ1KrvRMSdcNTkqQVU=
28,27,W2T9NywRLuDM/vKXVT6dEWEQ0ak=,Vfzx7u96QzQ1KrvRMSdcNTkqQVU=
30,30,W2T9NywRLuDM/vKXVT6dEWEQ0ak=,Vfzx7u96QzQ1KrvRMSdcNTkqQVU=
31,27,W2T9NywRLuDM/vKXVT6dEWEQ0ak=,Vfzx7u96QzQ1KrvRMSdcNTkqQVU=
27,26,W2T9NywRLuDM/vKXVT6dEWEQ0ak=,Vfzx7u96QzQ1KrvRMSdcNTkqQVU=
28,26,W2T9NywRLuDM/vKXVT6dEWEQ0ak=,Vfzx7u96QzQ1KrvRMSdcNTkqQVU=
26,26,W2T9NywRLuDM/vKXVT6dEWEQ0ak=,Vfzx7u96QzQ1KrvRMSdcNTkqQVU=
29,26,W2T9NywRLuDM/vKXVT6dEWEQ0ak=,Vfzx7u96QzQ1KrvRMSdcNTkqQVU=
25,26,W2T9NywRLuDM/vKXVT6dEWEQ0ak=,Vfzx7u96QzQ1KrvRMSdcNTkqQVU=
24,26,W2T9NywRLuDM/vKXVT6dEWEQ0ak=,Vfzx7u96QzQ1KrvRMSdcNTkqQVU=
29,30,W2T9NywRLuDM/vKXVT6dEWEQ0ak=,Vfzx7u96QzQ1KrvRMSdcNTkqQVU=
31,26,W2T9NywRLuDM/vKXVT6dEWEQ0ak=,Vfzx7u96QzQ1KrvRMSdcNTkqQVU=
24,28,W2T9NywRLuDM/vKXVT6dEWEQ0ak=,Vfzx7u96QzQ1KrvRMSdcNTkqQVU=
30,29,W2T9NywRLuDM/vKXVT6dEWEQ0ak=,Vfzx7u96QzQ1KrvRMSdcNTkqQVU=
28,30,W2T9NywRLuDM/vKXVT6dEWEQ0ak=,Vfzx7u96QzQ1KrvRMSdcNTkqQVU=
31,29,W2T9NywRLuDM/vKXVT6dEWEQ0ak=,Vfzx7u96QzQ1KrvRMSdcNTkqQVU=
22,23,W2T9NywRLuDM/vKXVT6dEWEQ0ak=,uFZ7mMozXHOJZVTCPgFQ9zPjkQg=
21,23,W2T9NywRLuDM/vKXVT6dEWEQ0ak=,uFZ7mMozXHOJZVTCPgFQ9zPjkQg=
20,23,W2T9NywRLuDM/vKXVT6dEWEQ0ak=,uFZ7mMozXHOJZVTCPgFQ9zPjkQg=
20,16,W2T9NywRLuDM/vKXVT6dEWEQ0ak=,uFZ7mMozXHOJZVTCPgFQ9zPjkQg=
18,19,W2T9NywRLuDM/vKXVT6dEWEQ0ak=,uFZ7mMozXHOJZVTCPgFQ9zPjkQg=
19,23,W2T9NywRLuDM/vKXVT6dEWEQ0ak=,uFZ7mMozXHOJZVTCPgFQ9zPjkQg=
30,26,W2T9NywRLuDM/vKXVT6dEWEQ0ak=,Vfzx7u96QzQ1KrvRMSdcNTkqQVU=
18,23,W2T9NywRLuDM/vKXVT6dEWEQ0ak=,uFZ7mMozXHOJZVTCPgFQ9zPjkQg=
19,19,W2T9NywRLuDM/vKXVT6dEWEQ0ak=,uFZ7mMozXHOJZVTCPgFQ9zPjkQg=
17,19,W2T9NywRLuDM/vKXVT6dEWEQ0ak=,uFZ7mMozXHOJZVTCPgFQ9zPjkQg=
17,23,W2T9NywRLuDM/vKXVT6dEWEQ0ak=,uFZ7mMozXHOJZVTCPgFQ9zPjkQg=
16,23,W2T9NywRLuDM/vKXVT6dEWEQ0ak=,uFZ7mMozXHOJZVTCPgFQ9zPjkQg=
22,18,W2T9NywRLuDM/vKXVT6dEWEQ0ak=,uFZ7mMozXHOJZVTCPgFQ9zPjkQg=
19,16,W2T9NywRLuDM/vKXVT6dEWEQ0ak=,uFZ7mMozXHOJZVTCPgFQ9zPjkQg=
22,17,W2T9NywRLuDM/vKXVT6dEWEQ0ak=,uFZ7mMozXHOJZVTCPgFQ9zPjkQg=
21,18,W2T9NywRLuDM/vKXVT6dEWEQ0ak=,uFZ7mMozXHOJZVTCPgFQ9zPjkQg=
17,17,W2T9NywRLuDM/vKXVT6dEWEQ0ak=,uFZ7mMozXHOJZVTCPgFQ9zPjkQg=
16,19,W2T9NywRLuDM/vKXVT6dEWEQ0ak=,uFZ7mMozXHOJZVTCPgFQ9zPjkQg=
21,22,W2T9NywRLuDM/vKXVT6dEWEQ0ak=,uFZ7mMozXHOJZVTCPgFQ9zPjkQg=
22,22,W2T9NywRLuDM/vKXVT6dEWEQ0ak=,uFZ7mMozXHOJZVTCPgFQ9zPjkQg=
20,22,W2T9NywRLuDM/vKXVT6dEWEQ0ak=,uFZ7mMozXHOJZVTCPgFQ9zPjkQg=
18,22,W2T9NywRLuDM/vKXVT6dEWEQ0ak=,uFZ7mMozXHOJZVTCPgFQ9zPjkQg=
19,22,W2T9NywRLuDM/vKXVT6dEWEQ0ak=,uFZ7mMozXHOJZVTCPgFQ9zPjkQg=
17,22,W2T9NywRLuDM/vKXVT6dEWEQ0ak=,uFZ7mMozXHOJZVTCPgFQ9zPjkQg=
16,22,W2T9NywRLuDM/vKXVT6dEWEQ0ak=,uFZ7mMozXHOJZVTCPgFQ9zPjkQg=
18,16,W2T9NywRLuDM/vKXVT6dEWEQ0ak=,uFZ7mMozXHOJZVTCPgFQ9zPjkQg=
20,18,W2T9NywRLuDM/vKXVT6dEWEQ0ak=,uFZ7mMozXHOJZVTCPgFQ9zPjkQg=
21,16,W2T9NywRLuDM/vKXVT6dEWEQ0ak=,uFZ7mMozXHOJZVTCPgFQ9zPjkQg=
22,21,W2T9NywRLuDM/vKXVT6dEWEQ0ak=,uFZ7mMozXHOJZVTCPgFQ9zPjkQg=
20,17,W2T9NywRLuDM/vKXVT6dEWEQ0ak=,uFZ7mMozXHOJZVTCPgFQ9zPjkQg=
22,16,W2T9NywRLuDM/vKXVT6dEWEQ0ak=,uFZ7mMozXHOJZVTCPgFQ9zPjkQg=
19,18,W2T9NywRLuDM/vKXVT6dEWEQ0ak=,uFZ7mMozXHOJZVTCPgFQ9zPjkQg=
21,21,W2T9NywRLuDM/vKXVT6dEWEQ0ak=,uFZ7mMozXHOJZVTCPgFQ9zPjkQg=
17,21,W2T9NywRLuDM/vKXVT6dEWEQ0ak=,uFZ7mMozXHOJZVTCPgFQ9zPjkQg=
22,24,W2T9NywRLuDM/vKXVT6dEWEQ0ak=,KKh51j8VCg89FlTaKjZgKDq8CpA=
20,21,W2T9NywRLuDM/vKXVT6dEWEQ0ak=,uFZ7mMozXHOJZVTCPgFQ9zPjkQg=
19,21,W2T9NywRLuDM/vKXVT6dEWEQ0ak=,uFZ7mMozXHOJZVTCPgFQ9zPjkQg=
21,24,W2T9NywRLuDM/vKXVT6dEWEQ0ak=,KKh51j8VCg89FlTaKjZgKDq8CpA=
16,21,W2T9NywRLuDM/vKXVT6dEWEQ0ak=,uFZ7mMozXHOJZVTCPgFQ9zPjkQg=
18,21,W2T9NywRLuDM/vKXVT6dEWEQ0ak=,uFZ7mMozXHOJZVTCPgFQ9zPjkQg=
16,16,W2T9NywRLuDM/vKXVT6dEWEQ0ak=,uFZ7mMozXHOJZVTCPgFQ9zPjkQg=
18,18,W2T9NywRLuDM/vKXVT6dEWEQ0ak=,uFZ7mMozXHOJZVTCPgFQ9zPjkQg=
22,20,W2T9NywRLuDM/vKXVT6dEWEQ0ak=,uFZ7mMozXHOJZVTCPgFQ9zPjkQg=
20,24,W2T9NywRLuDM/vKXVT6dEWEQ0ak=,KKh51j8VCg89FlTaKjZgKDq8CpA=
19,17,W2T9NywRLuDM/vKXVT6dEWEQ0ak=,uFZ7mMozXHOJZVTCPgFQ9zPjkQg=
21,20,W2T9NywRLuDM/vKXVT6dEWEQ0ak=,uFZ7mMozXHOJZVTCPgFQ9zPjkQg=
19,24,W2T9NywRLuDM/vKXVT6dEWEQ0ak=,KKh51j8VCg89FlTaKjZgKDq8CpA=
20,19,W2T9NywRLuDM/vKXVT6dEWEQ0ak=,uFZ7mMozXHOJZVTCPgFQ9zPjkQg=
20,20,W2T9NywRLuDM/vKXVT6dEWEQ0ak=,uFZ7mMozXHOJZVTCPgFQ9zPjkQg=
18,24,W2T9NywRLuDM/vKXVT6dEWEQ0ak=,KKh51j8VCg89FlTaKjZgKDq8CpA=
16,17,W2T9NywRLuDM/vKXVT6dEWEQ0ak=,uFZ7mMozXHOJZVTCPgFQ9zPjkQg=
17,16,W2T9NywRLuDM/vKXVT6dEWEQ0ak=,uFZ7mMozXHOJZVTCPgFQ9zPjkQg=
19,20,W2T9NywRLuDM/vKXVT6dEWEQ0ak=,uFZ7mMozXHOJZVTCPgFQ9zPjkQg=
16,20,W2T9NywRLuDM/vKXVT6dEWEQ0ak=,uFZ7mMozXHOJZVTCPgFQ9zPjkQg=
18,20,W2T9NywRLuDM/vKXVT6dEWEQ0ak=,uFZ7mMozXHOJZVTCPgFQ9zPjkQg=
17,24,W2T9NywRLuDM/vKXVT6dEWEQ0ak=,KKh51j8VCg89FlTaKjZgKDq8CpA=
16,24,W2T9NywRLuDM/vKXVT6dEWEQ0ak=,KKh51j8VCg89FlTaKjZgKDq8CpA=
17,20,W2T9NywRLuDM/vKXVT6dEWEQ0ak=,uFZ7mMozXHOJZVTCPgFQ9zPjkQg=
16,18,W2T9NywRLuDM/vKXVT6dEWEQ0ak=,uFZ7mMozXHOJZVTCPgFQ9zPjkQg=
18,17,W2T9NywRLuDM/vKXVT6dEWEQ0ak=,uFZ7mMozXHOJZVTCPgFQ9zPjkQg=
17,18,W2T9NywRLuDM/vKXVT6dEWEQ0ak=,uFZ7mMozXHOJZVTCPgFQ9zPjkQg=
21,17,W2T9NywRLuDM/vKXVT6dEWEQ0ak=,uFZ7mMozXHOJZVTCPgFQ9zPjkQg=
22,19,W2T9NywRLuDM/vKXVT6dEWEQ0ak=,uFZ7mMozXHOJZVTCPgFQ9zPjkQg=
21,19,W2T9NywRLuDM/vKXVT6dEWEQ0ak=,uFZ7mMozXHOJZVTCPgFQ9zPjkQg=
31,30,W2T9NywRLuDM/vKXVT6dEWEQ0ak=,Vfzx7u96QzQ1KrvRMSdcNTkqQVU=
23,18,W2T9NywRLuDM/vKXVT6dEWEQ0ak=,uFZ7mMozXHOJZVTCPgFQ9zPjkQg=
31,23,W2T9NywRLuDM/vKXVT6dEWEQ0ak=,pTi22EhJABnb1t3sN9EaOILuChU=
30,23,W2T9NywRLuDM/vKXVT6dEWEQ0ak=,pTi22EhJABnb1t3sN9EaOILuChU=
29,23,W2T9NywRLuDM/vKXVT6dEWEQ0ak=,pTi22EhJABnb1t3sN9EaOILuChU=
27,19,aAffrhEvL8UT1rsHqhCUupuSK/0=,pTi22EhJABnb1t3sN9EaOILuChU=
27,23,aAffrhEvL8UT1rsHqhCUupuSK/0=,pTi22EhJABnb1t3sN9EaOILuChU=
28,23,aAffrhEvL8UT1rsHqhCUupuSK/0=,pTi22EhJABnb1t3sN9EaOILuChU=
26,23,aAffrhEvL8UT1rsHqhCUupuSK/0=,pTi22EhJABnb1t3sN9EaOILuChU=
25,19,aAffrhEvL8UT1rsHqhCUupuSK/0=,pTi22EhJABnb1t3sN9EaOILuChU=
26,19,aAffrhEvL8UT1rsHqhCUupuSK/0=,pTi22EhJABnb1t3sN9EaOILuChU=
23,23,aAffrhEvL8UT1rsHqhCUupuSK/0=,uFZ7mMozXHOJZVTCPgFQ9zPjkQg=
23,17,aAffrhEvL8UT1rsHqhCUupuSK/0=,uFZ7mMozXHOJZVTCPgFQ9zPjkQg=
24,19,aAffrhEvL8UT1rsHqhCUupuSK/0=,pTi22EhJABnb1t3sN9EaOILuChU=
25,23,aAffrhEvL8UT1rsHqhCUupuSK/0=,pTi22EhJABnb1t3sN9EaOILuChU=
29,22,aAffrhEvL8UT1rsHqhCUupuSK/0=,pTi22EhJABnb1t3sN9EaOILuChU=
31,18,aAffrhEvL8UT1rsHqhCUupuSK/0=,pTi22EhJABnb1t3sN9EaOILuChU=
30,22,aAffrhEvL8UT1rsHqhCUupuSK/0=,pTi22EhJABnb1t3sN9EaOILuChU=
24,23,aAffrhEvL8UT1rsHqhCUupuSK/0=,pTi22EhJABnb1t3sN9EaOILuChU=
27,22,aAffrhEvL8UT1rsHqhCUupuSK/0=,pTi22EhJABnb1t3sN9EaOILuChU=
26,22,aAffrhEvL8UT1rsHqhCUupuSK/0=,pTi22EhJABnb1t3sN9EaOILuChU=
28,22,aAffrhEvL8UT1rsHqhCUupuSK/0=,pTi22EhJABnb1t3sN9EaOILuChU=
30,18,aAffrhEvL8UT1rsHqhCUupuSK/0=,pTi22EhJABnb1t3sN9EaOILuChU=
29,18,aAffrhEvL8UT1rsHqhCUupuSK/0=,pTi22EhJABnb1t3sN9EaOILuChU=
28,18,aAffrhEvL8UT1rsHqhCUupuSK/0=,pTi22EhJABnb1t3sN9EaOILuChU=
23,22,aAffrhEvL8UT1rsHqhCUupuSK/0=,uFZ7mMozXHOJZVTCPgFQ9zPjkQg=
27,18,aAffrhEvL8UT1rsHqhCUupuSK/0=,pTi22EhJABnb1t3sN9EaOILuChU=
26,18,aAffrhEvL8UT1rsHqhCUupuSK/0=,pTi22EhJABnb1t3sN9EaOILuChU=
31,21,aAffrhEvL8UT1rsHqhCUupuSK/0=,pTi22EhJABnb1t3sN9EaOILuChU=
30,21,aAffrhEvL8UT1rsHqhCUupuSK/0=,pTi22EhJABnb1t3sN9EaOILuChU=
25,18,aAffrhEvL8UT1rsHqhCUupuSK/0=,pTi22EhJABnb1t3sN9EaOILuChU=
24,22,aAffrhEvL8UT1rsHqhCUupuSK/0=,pTi22EhJABnb1t3sN9EaOILuChU=
31,17,aAffrhEvL8UT1rsHqhCUupuSK/0=,pTi22EhJABnb1t3sN9EaOILuChU=
30,17,aAffrhEvL8UT1rsHqhCUupuSK/0=,pTi22EhJABnb1t3sN9EaOILuChU=
28,21,aAffrhEvL8UT1rsHqhCUupuSK/0=,pTi22EhJABnb1t3sN9EaOILuChU=
29,21,aAffrhEvL8UT1rsHqhCUupuSK/0=,pTi22EhJABnb1t3sN9EaOILuChU=
31,24,aAffrhEvL8UT1rsHqhCUupuSK/0=,Vfzx7u96QzQ1KrvRMSdcNTkqQVU=
29,17,aAffrhEvL8UT1rsHqhCUupuSK/0=,pTi22EhJABnb1t3sN9EaOILuChU=
24,18,aAffrhEvL8UT1rsHqhCUupuSK/0=,pTi22EhJABnb1t3sN9EaOILuChU=
26,21,aAffrhEvL8UT1rsHqhCUupuSK/0=,pTi22EhJABnb1t3sN9EaOILuChU=
27,21,aAffrhEvL8UT1rsHqhCUupuSK/0=,pTi22EhJABnb1t3sN9EaOILuChU=
31,22,aAffrhEvL8UT1rsHqhCUupuSK/0=,pTi22EhJABnb1t3sN9EaOILuChU=
30,24,aAffrhEvL8UT1rsHqhCUupuSK/0=,Vfzx7u96QzQ1KrvRMSdcNTkqQVU=
23,24,aAffrhEvL8UT1rsHqhCUupuSK/0=,KKh51j8VCg89FlTaKjZgKDq8CpA=
28,17,aAffrhEvL8UT1rsHqhCUupuSK/0=,pTi22EhJABnb1t3sN9EaOILuChU=
27,17,aAffrhEvL8UT1rsHqhCUupuSK/0=,pTi22EhJABnb1t3sN9EaOILuChU=
25,21,aAffrhEvL8UT1rsHqhCUupuSK/0=,pTi22EhJABnb1t3sN9EaOILuChU=
26,17,aAffrhEvL8UT1rsHqhCUupuSK/0=,pTi22EhJABnb1t3sN9EaOILuChU=
25,17,aAffrhEvL8UT1rsHqhCUupuSK/0=,pTi22EhJABnb1t3sN9EaOILuChU=
29,24,aAffrhEvL8UT1rsHqhCUupuSK/0=,Vfzx7u96QzQ1KrvRMSdcNTkqQVU=
31,16,aAffrhEvL8UT1rsHqhCUupuSK/0=,pTi22EhJABnb1t3sN9EaOILuChU=
24,17,aAffrhEvL8UT1rsHqhCUupuSK/0=,pTi22EhJABnb1t3sN9EaOILuChU=
23,21,aAffrhEvL8UT1rsHqhCUupuSK/0=,uFZ7mMozXHOJZVTCPgFQ9zPjkQg=
30,16,aAffrhEvL8UT1rsHqhCUupuSK/0=,pTi22EhJABnb1t3sN9EaOILuChU=
29,16,aAffrhEvL8UT1rsHqhCUupuSK/0=,pTi22EhJABnb1t3sN9EaOILuChU=
28,24,aAffrhEvL8UT1rsHqhCUupuSK/0=,Vfzx7u96QzQ1KrvRMSdcNTkqQVU=
31,20,aAffrhEvL8UT1rsHqhCUupuSK/0=,pTi22EhJABnb1t3sN9EaOILuChU=
27,24,aAffrhEvL8UT1rsHqhCUupuSK/0=,Vfzx7u96QzQ1KrvRMSdcNTkqQVU=
30,20,aAffrhEvL8UT1rsHqhCUupuSK/0=,pTi22EhJABnb1t3sN9EaOILuChU=
29,20,aAffrhEvL8UT1rsHqhCUupuSK/0=,pTi22EhJABnb1t3sN9EaOILuChU=
26,24,aAffrhEvL8UT1rsHqhCUupuSK/0=,Vfzx7u96QzQ1KrvRMSdcNTkqQVU=
24,21,aAffrhEvL8UT1rsHqhCUupuSK/0=,pTi22EhJABnb1t3sN9EaOILuChU=
28,16,aAffrhEvL8UT1rsHqhCUupuSK/0=,pTi22EhJABnb1t3sN9EaOILuChU=
24,24,aAffrhEvL8UT1rsHqhCUupuSK/0=,Vfzx7u96QzQ1KrvRMSdcNTkqQVU=
25,24,aAffrhEvL8UT1rsHqhCUupuSK/0=,Vfzx7u96QzQ1KrvRMSdcNTkqQVU=
27,16,aAffrhEvL8UT1rsHqhCUupuSK/0=,pTi22EhJABnb1t3sN9EaOILuChU=
26,16,aAffrhEvL8UT1rsHqhCUupuSK/0=,pTi22EhJABnb1t3sN9EaOILuChU=
25,16,aAffrhEvL8UT1rsHqhCUupuSK/0=,pTi22EhJABnb1t3sN9EaOILuChU=
24,16,aAffrhEvL8UT1rsHqhCUupuSK/0=,pTi22EhJABnb1t3sN9EaOILuChU=
23,20,aAffrhEvL8UT1rsHqhCUupuSK/0=,uFZ7mMozXHOJZVTCPgFQ9zPjkQg=
27,20,aAffrhEvL8UT1rsHqhCUupuSK/0=,pTi22EhJABnb1t3sN9EaOILuChU=
28,20,aAffrhEvL8UT1rsHqhCUupuSK/0=,pTi22EhJABnb1t3sN9EaOILuChU=
25,20,aAffrhEvL8UT1rsHqhCUupuSK/0=,pTi22EhJABnb1t3sN9EaOILuChU=
23,16,aAffrhEvL8UT1rsHqhCUupuSK/0=,uFZ7mMozXHOJZVTCPgFQ9zPjkQg=
26,20,aAffrhEvL8UT1rsHqhCUupuSK/0=,pTi22EhJABnb1t3sN9EaOILuChU=
23,19,aAffrhEvL8UT1rsHqhCUupuSK/0=,uFZ7mMozXHOJZVTCPgFQ9zPjkQg=
24,20,aAffrhEvL8UT1rsHqhCUupuSK/0=,pTi22EhJABnb1t3sN9EaOILuChU=
31,19,aAffrhEvL8UT1rsHqhCUupuSK/0=,pTi22EhJABnb1t3sN9EaOILuChU=
30,19,aAffrhEvL8UT1rsHqhCUupuSK/0=,pTi22EhJABnb1t3sN9EaOILuChU=
29,19,aAffrhEvL8UT1rsHqhCUupuSK/0=,pTi22EhJABnb1t3sN9EaOILuChU=
25,22,aAffrhEvL8UT1rsHqhCUupuSK/0=,pTi22EhJABnb1t3sN9EaOILuChU=
28,19,aAffrhEvL8UT1rsHqhCUupuSK/0=,pTi22EhJABnb1t3sN9EaOILuChU=
27,13,aAffrhEvL8UT1rsHqhCUupuSK/0=,BunW9lb/KykHEeBE0u2Zxa++LSs=
25,13,aAffrhEvL8UT1rsHqhCUupuSK/0=,BunW9lb/KykHEeBE0u2Zxa++LSs=
30,12,aAffrhEvL8UT1rsHqhCUupuSK/0=,BunW9lb/KykHEeBE0u2Zxa++LSs=
26,13,aAffrhEvL8UT1rsHqhCUupuSK/0=,BunW9lb/KykHEeBE0u2Zxa++LSs=
31,12,aAffrhEvL8UT1rsHqhCUupuSK/0=,BunW9lb/KykHEeBE0u2Zxa++LSs=
28,13,aAffrhEvL8UT1rsHqhCUupuSK/0=,BunW9lb/KykHEeBE0u2Zxa++LSs=
29,12,aAffrhEvL8UT1rsHqhCUupuSK/0=,BunW9lb/KykHEeBE0u2Zxa++LSs=
28,12,aAffrhEvL8UT1rsHqhCUupuSK/0=,BunW9lb/KykHEeBE0u2Zxa++LSs=
26,12,aAffrhEvL8UT1rsHqhCUupuSK/0=,BunW9lb/KykHEeBE0u2Zxa++LSs=
27,12,aAffrhEvL8UT1rsHqhCUupuSK/0=,BunW9lb/KykHEeBE0u2Zxa++LSs=
29,13,aAffrhEvL8UT1rsHqhCUupuSK/0=,BunW9lb/KykHEeBE0u2Zxa++LSs=
31,15,aAffrhEvL8UT1rsHqhCUupuSK/0=,BunW9lb/KykHEeBE0u2Zxa++LSs=
25,12,aAffrhEvL8UT1rsHqhCUupuSK/0=,BunW9lb/KykHEeBE0u2Zxa++LSs=
31,11,aAffrhEvL8UT1rsHqhCUupuSK/0=,BunW9lb/KykHEeBE0u2Zxa++LSs=
30,15,aAffrhEvL8UT1rsHqhCUupuSK/0=,BunW9lb/KykHEeBE0u2Zxa++LSs=
30,13,aAffrhEvL8UT1rsHqhCUupuSK/0=,BunW9lb/KykHEeBE0u2Zxa++LSs=
29,15,aAffrhEvL8UT1rsHqhCUupuSK/0=,BunW9lb/KykHEeBE0u2Zxa++LSs=
30,11,aAffrhEvL8UT1rsHqhCUupuSK/0=,BunW9lb/KykHEeBE0u2Zxa++LSs=
29,11,aAffrhEvL8UT1rsHqhCUupuSK/0=,BunW9lb/KykHEeBE0u2Zxa++LSs=
28,15,aAffrhEvL8UT1rsHqhCUupuSK/0=,BunW9lb/KykHEeBE0u2Zxa++LSs=
25,8,aAffrhEvL8UT1rsHqhCUupuSK/0=,BunW9lb/KykHEeBE0u2Zxa++LSs=
28,11,aAffrhEvL8UT1rsHqhCUupuSK/0=,BunW9lb/KykHEeBE0u2Zxa++LSs=
27,11,aAffrhEvL8UT1rsHqhCUupuSK/0=,BunW9lb/KykHEeBE0u2Zxa++LSs=
26,11,aAffrhEvL8UT1rsHqhCUupuSK/0=,BunW9lb/KykHEeBE0u2Zxa++LSs=
26,8,aAffrhEvL8UT1rsHqhCUupuSK/0=,BunW9lb/KykHEeBE0u2Zxa++LSs=
25,11,aAffrhEvL8UT1rsHqhCUupuSK/0=,BunW9lb/KykHEeBE0u2Zxa++LSs=
31,10,aAffrhEvL8UT1rsHqhCUupuSK/0=,BunW9lb/KykHEeBE0u2Zxa++LSs=
27,8,aAffrhEvL8UT1rsHqhCUupuSK/0=,BunW9lb/KykHEeBE0u2Zxa++LSs=
30,10,aAffrhEvL8UT1rsHqhCUupuSK/0=,BunW9lb/KykHEeBE0u2Zxa++LSs=
28,8,aAffrhEvL8UT1rsHqhCUupuSK/0=,BunW9lb/KykHEeBE0u2Zxa++LSs=
29,10,aAffrhEvL8UT1rsHqhCUupuSK/0=,BunW9lb/KykHEeBE0u2Zxa++LSs=
29,8,aAffrhEvL8UT1rsHqhCUupuSK/0=,BunW9lb/KykHEeBE0u2Zxa++LSs=
28,10,aAffrhEvL8UT1rsHqhCUupuSK/0=,BunW9lb/KykHEeBE0u2Zxa++LSs=
31,13,aAffrhEvL8UT1rsHqhCUupuSK/0=,BunW9lb/KykHEeBE0u2Zxa++LSs=
27,10,aAffrhEvL8UT1rsHqhCUupuSK/0=,BunW9lb/KykHEeBE0u2Zxa++LSs=
25,14,aAffrhEvL8UT1rsHqhCUupuSK/0=,BunW9lb/KykHEeBE0u2Zxa++LSs=
26,10,aAffrhEvL8UT1rsHqhCUupuSK/0=,BunW9lb/KykHEeBE0u2Zxa++LSs=
26,14,aAffrhEvL8UT1rsHqhCUupuSK/0=,BunW9lb/KykHEeBE0u2Zxa++LSs=
27,14,aAffrhEvL8UT1rsHqhCUupuSK/0=,BunW9lb/KykHEeBE0u2Zxa++LSs=
25,10,aAffrhEvL8UT1rsHqhCUupuSK/0=,BunW9lb/KykHEeBE0u2Zxa++LSs=
28,14,aAffrhEvL8UT1rsHqhCUupuSK/0=,BunW9lb/KykHEeBE0u2Zxa++LSs=
31,9,aAffrhEvL8UT1rsHqhCUupuSK/0=,BunW9lb/KykHEeBE0u2Zxa++LSs=
30,8,aAffrhEvL8UT1rsHqhCUupuSK/0=,BunW9lb/KykHEeBE0u2Zxa++LSs=
31,14,aAffrhEvL8UT1rsHqhCUupuSK/0=,BunW9lb/KykHEeBE0u2Zxa++LSs=
31,8,aAffrhEvL8UT1rsHqhCUupuSK/0=,BunW9lb/KykHEeBE0u2Zxa++LSs=
30,9,aAffrhEvL8UT1rsHqhCUupuSK/0=,BunW9lb/KykHEeBE0u2Zxa++LSs=
25,9,aAffrhEvL8UT1rsHqhCUupuSK/0=,BunW9lb/KykHEeBE0u2Zxa++LSs=
29,9,aAffrhEvL8UT1rsHqhCUupuSK/0=,BunW9lb/KykHEeBE0u2Zxa++LSs=
26,9,aAffrhEvL8UT1rsHqhCUupuSK/0=,BunW9lb/KykHEeBE0u2Zxa++LSs=
28,9,aAffrhEvL8UT1rsHqhCUupuSK/0=,BunW9lb/KykHEeBE0u2Zxa++LSs=
27,9,aAffrhEvL8UT1rsHqhCUupuSK/0=,BunW9lb/KykHEeBE0u2Zxa++LSs=
30,14,aAffrhEvL8UT1rsHqhCUupuSK/0=,BunW9lb/KykHEeBE0u2Zxa++LSs=
29,14,aAffrhEvL8UT1rsHqhCUupuSK/0=,BunW9lb/KykHEeBE0u2Zxa++LSs=
27,15,aAffrhEvL8UT1rsHqhCUupuSK/0=,BunW9lb/KykHEeBE0u2Zxa++LSs=
26,15,aAffrhEvL8UT1rsHqhCUupuSK/0=,BunW9lb/KykHEeBE0u2Zxa++LSs=
25,15,aAffrhEvL8UT1rsHqhCUupuSK/0=,BunW9lb/KykHEeBE0u2Zxa++LSs=
19,6,u4a/A38rsnLmZZjo2qk/j9D007w=,aar+BCXsI379vP4DSVIJi+I8scU=
21,6,u4a/A38rsnLmZZjo2qk/j9D007w=,aar+BCXsI379vP4DSVIJi+I8scU=
19,1,u4a/A38rsnLmZZjo2qk/j9D007w=,aar+BCXsI379vP4DSVIJi+I8scU=
20,5,u4a/A38rsnLmZZjo2qk/j9D007w=,aar+BCXsI379vP4DSVIJi+I8scU=
18,2,u4a/A38rsnLmZZjo2qk/j9D007w=,aar+BCXsI379vP4DSVIJi+I8scU=
18,1,u4a/A38rsnLmZZjo2qk/j9D007w=,aar+BCXsI379vP4DSVIJi+I8scU=
18,6,u4a/A38rsnLmZZjo2qk/j9D007w=,aar+BCXsI379vP4DSVIJi+I8scU=
16,0,u4a/A38rsnLmZZjo2qk/j9D007w=,aar+BCXsI379vP4DSVIJi+I8scU=
23,0,u4a/A38rsnLmZZjo2qk/j9D007w=,aar+BCXsI379vP4DSVIJi+I8scU=
22,0,u4a/A38rsnLmZZjo2qk/j9D007w=,aar+BCXsI379vP4DSVIJi+I8scU=
23,4,u4a/A38rsnLmZZjo2qk/j9D007w=,aar+BCXsI379vP4DSVIJi+I8scU=
21,0,u4a/A38rsnLmZZjo2qk/j9D007w=,aar+BCXsI379vP4DSVIJi+I8scU=
23,6,u4a/A38rsnLmZZjo2qk/j9D007w=,aar+BCXsI379vP4DSVIJi+I8scU=
19,0,u4a/A38rsnLmZZjo2qk/j9D007w=,aar+BCXsI379vP4DSVIJi+I8scU=
17,2,u4a/A38rsnLmZZjo2qk/j9D007w=,aar+BCXsI379vP4DSVIJi+I8scU=
16,5,u4a/A38rsnLmZZjo2qk/j9D007w=,aar+BCXsI379vP4DSVIJi+I8scU=
17,6,u4a/A38rsnLmZZjo2qk/j9D007w=,aar+BCXsI379vP4DSVIJi+I8scU=
22,4,u4a/A38rsnLmZZjo2qk/j9D007w=,aar+BCXsI379vP4DSVIJi+I8scU=
23,3,u4a/A38rsnLmZZjo2qk/j9D007w=,aar+BCXsI379vP4DSVIJi+I8scU=
22,3,u4a/A38rsnLmZZjo2qk/j9D007w=,aar+BCXsI379vP4DSVIJi+I8scU=
21,3,u4a/A38rsnLmZZjo2qk/j9D007w=,aar+BCXsI379vP4DSVIJi+I8scU=
20,3,u4a/A38rsnLmZZjo2qk/j9D007w=,aar+BCXsI379vP4DSVIJi+I8scU=
19,3,u4a/A38rsnLmZZjo2qk/j9D007w=,aar+BCXsI379vP4DSVIJi+I8scU=
17,1,u4a/A38rsnLmZZjo2qk/j9D007w=,aar+BCXsI379vP4DSVIJi+I8scU=
16,6,u4a/A38rsnLmZZjo2qk/j9D007w=,aar+BCXsI379vP4DSVIJi+I8scU=
17,4,u4a/A38rsnLmZZjo2qk/j9D007w=,aar+BCXsI379vP4DSVIJi+I8scU=
23,2,u4a/A38rsnLmZZjo2qk/j9D007w=,aar+BCXsI379vP4DSVIJi+I8scU=
22,2,u4a/A38rsnLmZZjo2qk/j9D007w=,aar+BCXsI379vP4DSVIJi+I8scU=
21,2,u4a/A38rsnLmZZjo2qk/j9D007w=,aar+BCXsI379vP4DSVIJi+I8scU=
20,2,u4a/A38rsnLmZZjo2qk/j9D007w=,aar+BCXsI379vP4DSVIJi+I8scU=
16,1,u4a/A38rsnLmZZjo2qk/j9D007w=,aar+BCXsI379vP4DSVIJi+I8scU=
23,5,u4a/A38rsnLmZZjo2qk/j9D007w=,aar+BCXsI379vP4DSVIJi+I8scU=
21,4,u4a/A38rsnLmZZjo2qk/j9D007w=,aar+BCXsI379vP4DSVIJi+I8scU=
18,4,u4a/A38rsnLmZZjo2qk/j9D007w=,aar+BCXsI379vP4DSVIJi+I8scU=
20,4,u4a/A38rsnLmZZjo2qk/j9D007w=,aar+BCXsI379vP4DSVIJi+I8scU=
22,5,u4a/A38rsnLmZZjo2qk/j9D007w=,aar+BCXsI379vP4DSVIJi+I8scU=
20,0,u4a/A38rsnLmZZjo2qk/j9D007w=,aar+BCXsI379vP4DSVIJi+I8scU=
19,4,u4a/A38rsnLmZZjo2qk/j9D007w=,aar+BCXsI379vP4DSVIJi+I8scU=
19,5,u4a/A38rsnLmZZjo2qk/j9D007w=,aar+BCXsI379vP4DSVIJi+I8scU=
22,6,u4a/A38rsnLmZZjo2qk/j9D007w=,aar+BCXsI379vP4DSVIJi+I8scU=
16,4,u4a/A38rsnLmZZjo2qk/j9D007w=,aar+BCXsI379vP4DSVIJi+I8scU=
23,1,u4a/A38rsnLmZZjo2qk/j9D007w=,aar+BCXsI379vP4DSVIJi+I8scU=
17,3,u4a/A38rsnLmZZjo2qk/j9D007w=,aar+BCXsI379vP4DSVIJi+I8scU=
22,1,u4a/A38rsnLmZZjo2qk/j9D007w=,aar+BCXsI379vP4DSVIJi+I8scU=
21,1,u4a/A38rsnLmZZjo2qk/j9D007w=,aar+BCXsI379vP4DSVIJi+I8scU=
20,1,u4a/A38rsnLmZZjo2qk/j9D007w=,aar+BCXsI379vP4DSVIJi+I8scU=
18,3,u4a/A38rsnLmZZjo2qk/j9D007w=,aar+BCXsI379vP4DSVIJi+I8scU=
21,5,u4a/A38rsnLmZZjo2qk/j9D007w=,aar+BCXsI379vP4DSVIJi+I8scU=
16,3,u4a/A38rsnLmZZjo2qk/j9D007w=,aar+BCXsI379vP4DSVIJi+I8scU=
19,2,u4a/A38rsnLmZZjo2qk/j9D007w=,aar+BCXsI379vP4DSVIJi+I8scU=
20,6,u4a/A38rsnLmZZjo2qk/j9D007w=,aar+BCXsI379vP4DSVIJi+I8scU=
16,2,u4a/A38rsnLmZZjo2qk/j9D007w=,aar+BCXsI379vP4DSVIJi+I8scU=
18,0,u4a/A38rsnLmZZjo2qk/j9D007w=,aar+BCXsI379vP4DSVIJi+I8scU=
18,5,u4a/A38rsnLmZZjo2qk/j9D007w=,aar+BCXsI379vP4DSVIJi+I8scU=
17,5,u4a/A38rsnLmZZjo2qk/j9D007w=,aar+BCXsI379vP4DSVIJi+I8scU=
17,0,u4a/A38rsnLmZZjo2qk/j9D007w=,aar+BCXsI379vP4DSVIJi+I8scU=
17,15,u4a/A38rsnLmZZjo2qk/j9D007w=,/Dm8lV0jvrVtQltGsaRoUmJ9oCI=
18,15,u4a/A38rsnLmZZjo2qk/j9D007w=,/Dm8lV0jvrVtQltGsaRoUmJ9oCI=
24,13,u4a/A38rsnLmZZjo2qk/j9D007w=,BunW9lb/KykHEeBE0u2Zxa++LSs=
19,15,u4a/A38rsnLmZZjo2qk/j9D007w=,/Dm8lV0jvrVtQltGsaRoUmJ9oCI=
23,14,u4a/A38rsnLmZZjo2qk/j9D007w=,/Dm8lV0jvrVtQltGsaRoUmJ9oCI=
16,15,u4a/A38rsnLmZZjo2qk/j9D007w=,/Dm8lV0jvrVtQltGsaRoUmJ9oCI=
19,7,u4a/A38rsnLmZZjo2qk/j9D007w=,aar+BCXsI379vP4DSVIJi+I8scU=
22,14,u4a/A38rsnLmZZjo2qk/j9D007w=,/Dm8lV0jvrVtQltGsaRoUmJ9oCI=
20,15,u4a/A38rsnLmZZjo2qk/j9D007w=,/Dm8lV0jvrVtQltGsaRoUmJ9oCI=
21,14,u4a/A38rsnLmZZjo2qk/j9D007w=,/Dm8lV0jvrVtQltGsaRoUmJ9oCI=
20,14,u4a/A38rsnLmZZjo2qk/j9D007w=,/Dm8lV0jvrVtQltGsaRoUmJ9oCI=
18,7,u4a/A38rsnLmZZjo2qk/j9D007w=,aar+BCXsI379vP4DSVIJi+I8scU=
21,15,u4a/A38rsnLmZZjo2qk/j9D007w=,/Dm8lV0jvrVtQltGsaRoUmJ9oCI=
19,14,u4a/A38rsnLmZZjo2qk/j9D007w=,/Dm8lV0jvrVtQltGsaRoUmJ9oCI=
23,13,u4a/A38rsnLmZZjo2qk/j9D007w=,/Dm8lV0jvrVtQltGsaRoUmJ9oCI=
18,14,u4a/A38rsnLmZZjo2qk/j9D007w=,/Dm8lV0jvrVtQltGsaRoUmJ9oCI=
22,15,u4a/A38rsnLmZZjo2qk/j9D007w=,/Dm8lV0jvrVtQltGsaRoUmJ9oCI=
22,13,u4a/A38rsnLmZZjo2qk/j9D007w=,/Dm8lV0jvrVtQltGsaRoUmJ9oCI=
17,14,u4a/A38rsnLmZZjo2qk/j9D007w=,/Dm8lV0jvrVtQltGsaRoUmJ9oCI=
16,14,u4a/A38rsnLmZZjo2qk/j9D007w=,/Dm8lV0jvrVtQltGsaRoUmJ9oCI=
24,12,u4a/A38rsnLmZZjo2qk/j9D007w=,BunW9lb/KykHEeBE0u2Zxa++LSs=
23,15,u4a/A38rsnLmZZjo2qk/j9D007w=,/Dm8lV0jvrVtQltGsaRoUmJ9oCI=
24,8,u4a/A38rsnLmZZjo2qk/j9D007w=,BunW9lb/KykHEeBE0u2Zxa++LSs=
20,7,u4a/A38rsnLmZZjo2qk/j9D007w=,aar+BCXsI379vP4DSVIJi+I8scU=
21,7,u4a/A38rsnLmZZjo2qk/j9D007w=,aar+BCXsI379vP4DSVIJi+I8scU=
22,7,u4a/A38rsnLmZZjo2qk/j9D007w=,aar+BCXsI379vP4DSVIJi+I8scU=
24,14,u4a/A38rsnLmZZjo2qk/j9D007w=,BunW9lb/KykHEeBE0u2Zxa++LSs=
23,7,u4a/A38rsnLmZZjo2qk/j9D007w=,aar+BCXsI379vP4DSVIJi+I8scU=
20,13,u4a/A38rsnLmZZjo2qk/j9D007w=,/Dm8lV0jvrVtQltGsaRoUmJ9oCI=
19,13,u4a/A38rsnLmZZjo2qk/j9D007w=,/Dm8lV0jvrVtQltGsaRoUmJ9oCI=
23,12,u4a/A38rsnLmZZjo2qk/j9D007w=,/Dm8lV0jvrVtQltGsaRoUmJ9oCI=
18,13,u4a/A38rsnLmZZjo2qk/j9D007w=,/Dm8lV0jvrVtQltGsaRoUmJ9oCI=
22,12,u4a/A38rsnLmZZjo2qk/j9D007w=,/Dm8lV0jvrVtQltGsaRoUmJ9oCI=
17,13,u4a/A38rsnLmZZjo2qk/j9D007w=,/Dm8lV0jvrVtQltGsaRoUmJ9oCI=
21,12,u4a/A38rsnLmZZjo2qk/j9D007w=,/Dm8lV0jvrVtQltGsaRoUmJ9oCI=
16,8,u4a/A38rsnLmZZjo2qk/j9D007w=,/Dm8lV0jvrVtQltGsaRoUmJ9oCI=
24,9,u4a/A38rsnLmZZjo2qk/j9D007w=,BunW9lb/KykHEeBE0u2Zxa++LSs=
16,13,u4a/A38rsnLmZZjo2qk/j9D007w=,/Dm8lV0jvrVtQltGsaRoUmJ9oCI=
20,12,u4a/A38rsnLmZZjo2qk/j9D007w=,/Dm8lV0jvrVtQltGsaRoUmJ9oCI=
17,8,u4a/A38rsnLmZZjo2qk/j9D007w=,/Dm8lV0jvrVtQltGsaRoUmJ9oCI=
18,8,u4a/A38rsnLmZZjo2qk/j9D007w=,/Dm8lV0jvrVtQltGsaRoUmJ9oCI=
19,8,u4a/A38rsnLmZZjo2qk/j9D007w=,/Dm8lV0jvrVtQltGsaRoUmJ9oCI=
24,10,u4a/A38rsnLmZZjo2qk/j9D007w=,BunW9lb/KykHEeBE0u2Zxa++LSs=
19,12,u4a/A38rsnLmZZjo2qk/j9D007w=,/Dm8lV0jvrVtQltGsaRoUmJ9oCI=
23,11,u4a/A38rsnLmZZjo2qk/j9D007w=,/Dm8lV0jvrVtQltGsaRoUmJ9oCI=
22,11,u4a/A38rsnLmZZjo2qk/j9D007w=,/Dm8lV0jvrVtQltGsaRoUmJ9oCI=
21,11,u4a/A38rsnLmZZjo2qk/j9D007w=,/Dm8lV0jvrVtQltGsaRoUmJ9oCI=
20,11,u4a/A38rsnLmZZjo2qk/j9D007w=,/Dm8lV0jvrVtQltGsaRoUmJ9oCI=
18,12,u4a/A38rsnLmZZjo2qk/j9D007w=,/Dm8lV0jvrVtQltGsaRoUmJ9oCI=
24,15,u4a/A38rsnLmZZjo2qk/j9D007w=,BunW9lb/KykHEeBE0u2Zxa++LSs=
20,8,u4a/A38rsnLmZZjo2qk/j9D007w=,/Dm8lV0jvrVtQltGsaRoUmJ9oCI=
21,8,u4a/A38rsnLmZZjo2qk/j9D007w=,/Dm8lV0jvrVtQltGsaRoUmJ9oCI=
22,8,u4a/A38rsnLmZZjo2qk/j9D007w=,/Dm8lV0jvrVtQltGsaRoUmJ9oCI=
23,8,u4a/A38rsnLmZZjo2qk/j9D007w=,/Dm8lV0jvrVtQltGsaRoUmJ9oCI=
16,12,u4a/A38rsnLmZZjo2qk/j9D007w=,/Dm8lV0jvrVtQltGsaRoUmJ9oCI=
17,12,u4a/A38rsnLmZZjo2qk/j9D007w=,/Dm8lV0jvrVtQltGsaRoUmJ9oCI=
19,11,u4a/A38rsnLmZZjo2qk/j9D007w=,/Dm8lV0jvrVtQltGsaRoUmJ9oCI=
17,7,u4a/A38rsnLmZZjo2qk/j9D007w=,aar+BCXsI379vP4DSVIJi+I8scU=
23,10,u4a/A38rsnLmZZjo2qk/j9D007w=,/Dm8lV0jvrVtQltGsaRoUmJ9oCI=
22,10,u4a/A38rsnLmZZjo2qk/j9D007w=,/Dm8lV0jvrVtQltGsaRoUmJ9oCI=
21,10,u4a/A38rsnLmZZjo2qk/j9D007w=,/Dm8lV0jvrVtQltGsaRoUmJ9oCI=
20,10,u4a/A38rsnLmZZjo2qk/j9D007w=,/Dm8lV0jvrVtQltGsaRoUmJ9oCI=
16,9,u4a/A38rsnLmZZjo2qk/j9D007w=,/Dm8lV0jvrVtQltGsaRoUmJ9oCI=
19,10,u4a/A38rsnLmZZjo2qk/j9D007w=,/Dm8lV0jvrVtQltGsaRoUmJ9oCI=
17,9,u4a/A38rsnLmZZjo2qk/j9D007w=,/Dm8lV0jvrVtQltGsaRoUmJ9oCI=
18,9,u4a/A38rsnLmZZjo2qk/j9D007w=,/Dm8lV0jvrVtQltGsaRoUmJ9oCI=
24,11,u4a/A38rsnLmZZjo2qk/j9D007w=,BunW9lb/KykHEeBE0u2Zxa++LSs=
19,9,u4a/A38rsnLmZZjo2qk/j9D007w=,/Dm8lV0jvrVtQltGsaRoUmJ9oCI=
18,10,u4a/A38rsnLmZZjo2qk/j9D007w=,/Dm8lV0jvrVtQltGsaRoUmJ9oCI=
16,11,u4a/A38rsnLmZZjo2qk/j9D007w=,/Dm8lV0jvrVtQltGsaRoUmJ9oCI=
17,11,u4a/A38rsnLmZZjo2qk/j9D007w=,/Dm8lV0jvrVtQltGsaRoUmJ9oCI=
23,9,u4a/A38rsnLmZZjo2qk/j9D007w=,/Dm8lV0jvrVtQltGsaRoUmJ9oCI=
22,9,u4a/A38rsnLmZZjo2qk/j9D007w=,/Dm8lV0jvrVtQltGsaRoUmJ9oCI=
20,9,u4a/A38rsnLmZZjo2qk/j9D007w=,/Dm8lV0jvrVtQltGsaRoUmJ9oCI=
21,9,u4a/A38rsnLmZZjo2qk/j9D007w=,/Dm8lV0jvrVtQltGsaRoUmJ9oCI=
18,11,u4a/A38rsnLmZZjo2qk/j9D007w=,/Dm8lV0jvrVtQltGsaRoUmJ9oCI=
16,7,u4a/A38rsnLmZZjo2qk/j9D007w=,aar+BCXsI379vP4DSVIJi+I8scU=
17,10,u4a/A38rsnLmZZjo2qk/j9D007w=,/Dm8lV0jvrVtQltGsaRoUmJ9oCI=
16,10,u4a/A38rsnLmZZjo2qk/j9D007w=,/Dm8lV0jvrVtQltGsaRoUmJ9oCI=
21,13,u4a/A38rsnLmZZjo2qk/j9D007w=,/Dm8lV0jvrVtQltGsaRoUmJ9oCI=
